0,5
爱,аи4
爱好,аи4хао4
八,ба1
爸爸,ба4ба4
爸,ба4
白,баи2
白天,баи2тиан1
百,баи3
班,бан1
半,бан4
半年,бан4ниан2
半天,бан4тиан1
帮,банг1
帮忙,банг1манг2
包,бао1
包子,бао1зи3
杯,беи1
杯子,беи1зи3
北,беи3
北边,беи3биан1
北京,беи3йинг1
本,бен3
本子,бен3зи3
比,би3
别,бие2
别的,бие2деe
病,бинг4
病人,бинг4рен2
不,бу4
菜,цаи4
茶,ча2
差,ча4
常,чанг2
常常,чанг2чанг2
唱,чанг4
唱歌,чанг4ге1
车,че1
车票,че1пиао4
车上,че1шанг4
车站,че1чан4
吃,чи1
吃饭,чи1фан4
出,чу1
出来,чу1лаи2
出去,чу1чу4
穿,чуан1
床,чуанг2
次,цы4
从,цонг2
错,цуо4
打车,да3че1
打电话,да3диан4хуа4
打开,да3каи1
打球,да3чиу2
大,да4
大学,да4xуу2
大学生,да4xуу2шенг1
到,дао4
得到,де2дао4
地,ди4
的,деe
等,денг3
地,ди4
地点,ди4диан3
地图,ди4ту2
弟弟,ди4ди4
弟,ди4
第,ди4
点,диан3
电,диан4
电话,диан4хуа4
电脑,диан4нао3
电视,диан4ши4
电视机,диан4ши4йи1
电影,диан4ыинг3
电影院,диан4ыинг3ыуан4
东,донг1
动,донг4
动作,донг4цзо4
都,ду1
读,ду2
读书,ду2шу1
对,дуи4
对不起,дуи4бу4чи3
多,ду1
饿,е4
儿子,ер2зи3
二,ер4
饭,фан4
饭店,фан4диан4
房间,фанг2йиан1
房子,фанг2зи3
放,фанг4
放假,фанг4йиа4
放学,фанг4xуу2
飞,феи1
飞机,феи1йи1
非常,феи1чанг2
分,фен1
风,фенг1
干,ган4
干净,ган1йинг4
干什么,ган4ши2меe
高,гао1
高兴,гао1xинг4
哥哥,ге1ге1
哥,ге1
歌,ге1
个,ге4
给,геи3
跟,ген1
工人,гонг1рен2
工作,гонг1цзо4
关,гуан1
关上,гуан1шанг4
贵,гуе4
国,гуо2
国家,гуо2йиа1
国外,гуо2уоаи4
还是,хуан2ши4
还有,хуан2ыо3
孩子,хаи2зи3
汉语,хан4ыу3
汉字,хан4тзы4
好,хао3
好吃,хао3чи1
好看,хао3кан4
好听,хао3тинг1
好玩儿,хао3уоан2рр2
号,хао4
喝,хе1
和,хе2
很,хен3
后,хоу4
后天,хоу4тиан1
花,хуа1
话,хуа4
坏,хуаи4
还,хуан2
回,хуи2
回答,хуи2да2
回到,хуи2дао4
回家,хуи2йиа1
会,хуи4
火车,хуо3че1
机场,йи1чанг3
机票,йи1пиао4
鸡蛋,йи1дан4
几,йи3
记,йи4
家,йиа1
家里,йиа1ли3
家人,йиа1рен2
间,йиан1
见,йиан4
见面,йиан4миан4
教,йиао4
叫,йиао4
教学楼,йиао4xуу2лоу2
姐姐,йие3йие3
介绍,йие4шао4
今年,йин1ниан2
今天,йин1тиан1
进,йин4
进来,йин4лаи2
进去,йин4чу4
九,йиу3
就,йиу4
觉得,юе2деe
开,каи1
开车,каи1че1
开会,каи1хуи4
开玩笑,каи1уоан2xиао4
看病,кан4бинг4
看到,кан4дао4
看见,кан4йиан4
考,као3
考试,као3ши4
渴,ке3
课,ке4
课本,ке4бен3
课文,ке4уоен2
口,коу3
块,куаи4
快,куаи4
来,лаи2
来到,лаи2дао4
老,лао3
老人,лао3рен2
老师,лао3ши1
了,леe
累,леи4
冷,ленг3
里,ли3
两,лиан3
零,линг2
六,лиу4
楼,лоу2
楼上,лоу2шанг4
楼下,лоу2xиа4
路,лу4
路口,лу4коу3
妈妈,ма1ма1
妈,ма1
马路,ма3лу4
马上,ма3шанг4
买,маи3
慢,ман4
忙,манг2
毛,мао2
没,меи2
没关系,меи2гуан1xи4
没什么,меи2ши2меe
没事儿,меи2ши4рр2
没有,меи2ыо3
妹妹,меи4меи4
妹,меи4
门,мен2
门口,мен2коу3
门票,мен2пиао4
米饭,ми3фан4
面包,миан4бао1
面条儿,миан4тиао2рр2
名字,минг2зи4
明白,минг2баи2
明年,минг2ниан2
明天,минг2тиан1
拿,на2
哪,на3
哪里,на3ли3
哪儿,на3рр2
哪些,на3xие1
那儿,на4рр2
那些,на4xие1
奶,наи3
奶奶,наи3наи3
男孩儿,нан2хаи2рr
男生,нан2шен1
呢,ниe
能,ненг2
你,ни3
你们,ни3менn
年,ниан2
您,нин2
牛奶,ниу2наи3
旁边,панг2биан1
朋友,пенг2ыо3
票,пиао4
七,чи1
起,чи3
起床,чи3чуанг2
汽车,чи4че1
前,чиан2
前天,чиан2тиан1
钱,чиан2
钱包,чиан2бао1
请,чинг3
请假,чинг3йиа4
请进,чинг3йин4
请问,чинг3уоен4
请坐,чинг3цзо4
球,чиу2
去,чу4
去年,чу4ниан2
热,ре4
人,рен2
认识,рен4ши2
认真,рен4чен1
日,ри4
日期,ри4чи1
肉,роу4
三,сан1
山,шан1
商场,шанг1чанг3
商店,шанг1диан4
上,шанг4
上班,шанг4бан1
上车,шанг4че1
上次,шанг4цы4
上课,шанг4ке4
上网,шанг4уоанг3
上午,шанг4уоу3
上学,шанг4xуу2
少,шао3
谁,шуи2
身体,шен1ти3
什么,ши2меe
生病,шенг1бинг4
生气,шенг1чи4
生日,шенг1ри4
十,ши2
时候,ши2хоу4
时间,ши2йиан1
事,ши4
试,ши4
是,ши4
手,шоу3
手机,шоу3йи1
书,шу1
书包,шу1бао1
书店,шу1диан4
树,шу4
水,шуи3
水果,шуи3гуо3
睡,шуи4
睡觉,шуи4юиа4
说话,шуо1хуа4
四,сы4
送,сонг4
岁,суи4
他,та1
他们,та1менn
她,та1
她们,та1менn
太,таи4
天,тиан1
天气,тиан1чи4
听,тинг1
听到,тинг1дао4
听见,тинг1йиан4
听写,тинг1xие3
同学,тонг2xуу2
图书馆,ту2шу1гуан3
外,уоаи4
外国,уоаи4гуо2
外语,уоаи4ыу3
玩儿,уоан2рр2
晚,уоан3
晚饭,уоан3фан4
晚上,уоан3шанг4
网上,уоанг3шанг4
网友,уоанг3ыо3
忘,уоан4
忘记,уоан4йи4
问,уоен4
我,уоо3
我们,уоо3менn
五,уоу3
午饭,уоу3фан4
西,xи1
西边,xи1биан1
洗,xи3
洗手间,xи3шоу3йиан1
喜欢,xи3хуан1
下,xиа4
下班,xиа4бан1
下车,xиа4че1
下次,xиа4цы4
下课,xиа4ке4
下午,xиа4уоу3
下雨,xиа4ыу3
先,xиан1
先生,xиан1шенг1
现在,xиан4цаи4
想,xианг3
小,xиао3
小孩儿,xиао3хаи2рр2
小朋友,xиао3пенг2ыо3
小时,xиао3ши2
小学,xиао3xуу2
小学生,xиао3xуу2шенг1
笑,xиао4
写,xие3
谢谢,xие4xие4
新,xин1
新年,xин1ниан2
星期,xинг1чи1
星期日,xинг1чи1ри4
星期天,xинг1чи1тиан1
行,xинг2
休息,xиу1xи1
学,xуу2
学生,xуу2шенг1
学习,xуу2xи2
学校,xуу2xиао4
学院,xуу2ыуан4
要,ыао4
爷爷,ые2ые2
也,ые3
页,ые4
一,и1
衣服,и1фу2
医生,и1шенг1
医院,и1ыуан4
一点儿,и4диан3рр2
用,ыонг4
有,ыо3
有的,ыо3деe
有名,ыо3минг2
有些,ыо3xие1
有用,ыо3ыонг4
右,ыо4
右边,ыо4биан1
雨,ыу3
元,ыуан2
远,ыуан3
月,ыуе4
再,цаи4
再见,цаи4йиан4
在,цаи4
在家,цаи4йиа1
早,цао3
早饭,цао3фан4
早上,цао3шанг4
怎么,цен3меe
站,чан4
找,чао3
找到,чао3дао4
这,че4
这边,че4биан1
这里,че4ли3
这儿,че4рр2
这些,че4xие1
真,чен1
真的,чен1деe
正,ченг4
正在,ченг4цаи4
知道,чи1дао4
知识,чи1ши2
中,чонг1
中国,чонг1гуо2
中间,чонг1йиан1
中文,чонг1уоен2
中午,чонг1уоу3
中学,чонг1xуу2
中学生,чонг1xуу2шенг1
重要,чонг4ыао4
住,чу4
准备,чун3беи4
桌子,чо1зи3
字,тзы4
走,цоу3
走路,цоу3лу4
最,цуи4
最好,цуи4хао3
最后,цуи4хоу4
昨天,цзо2тиан1
左,цзо3
左边,цзо3биан1
坐,цзо4
爱情,аи4чинг2
安静,ан1йинг4
安全,ан1чуан2
白色,баи2се4
班长,бан1чанг3
办,бан4
办法,бан4фа3
办公室,бан4гонг1ши4
半夜,бан4ые4
帮助,банг1чу4
饱,бао3
报名,бао4минг2
报纸,бао4чи3
北方,беи3фанг1
背,беи4
比如,би3ру2
比如说,би3ру2шуо1
笔,би3
笔记,би3йи4
笔记本,би3йи4бен3
必须,би4xуу1
边,биан1
变,биан4
变成,биан4ченг2
遍,биан4
表,биао3
表示,биао3ши4
不久,бу4йиу3
不满,бу4ман3
不如,бу4ру2
不少,бу4шао3
不同,бу4тонг2
不行,бу4xинг2
不一定,бу4и2динг4
部分,бу4фен4
才,цаи2
菜单,цаи4дан1
参观,цан1гуан1
参加,цан1йиа1
草,цао3
草地,цао3ди4
层,ценг2
查,ча2
差不多,ча4бу4ду1
长,чанг3
常见,чанг2йиан4
常用,чанг2ыонг4
超过,чао1гуо4
超市,чао1ши4
车辆,че1лиан4
称,ченг1
成,ченг2
成绩,ченг2йи4
成为,ченг2уоеи2
重复,чонг2фу4
重新,чонг2xин1
出发,чу1фа1
出国,чу1гуо2
出口,чу1коу3
出门,чу1мен2
出生,чу1шенг1
出现,чу1xиан4
出院,чу1ыуан4
出租,чу1цу1
出租车,чу1цу1че1
船,чуан2
吹,чуи1
春节,чун1йие2
春天,чун1тиан1
词,цы2
词典,цы2диан3
词语,цы2ыу3
从小,цонг2xиао3
答应,да1ыинг4
打工,да3гонг1
打算,да3суан4
打印,да3ыин4
大大,да4да4
大多数,да4ду1шу4
大海,да4хаи3
大家,да4йиа1
大量,да4лиан4
大门,да4мен2
大声,да4шенг1
大小,да4xиао3
大衣,да4и1
大自然,да4тзы4ран2
带,даи4
带来,даи4лаи2
单位,дан1уоеи4
但,дан4
但是,дан4ши4
蛋,дан4
当,данг1
当时,данг1ши2
倒,дао4
到处,дао4чу4
倒,дао4
道,дао4
道路,дао4лу4
得,де2
得出,де2чу1
的话,деeхуа4
得,де2
灯,денг1
等,денг3
等到,денг3дао4
等于,денг3ыу2
低,ди1
地球,ди4чиу2
地铁,ди4тие3
地铁站,ди4тие3чан4
点头,диан3тоу2
店,диан4
掉,диао4
东北,донг1беи3
东方,донг1фанг1
东南,донг1на2
冬天,донг1тиан1
懂,донг3
懂得,донг3деe
动物,донг4уоу4
动物园,донг4уоу4ыуан2
读音,ду2ыин1
度,ду4
短,дуан3
短信,дуан3xинн4
段,дуан4
队,дуи4
队长,дуи4чанг3
对,дуи4
对话,дуи4хуа4
对面,дуи4миан4
多,ду1
多久,ду1йиу3
多么,ду1меe
多数,ду1шу4
多云,ду1ыун2
而且,ер2чие3
发,фа1
发现,фа1xиан4
饭馆,фан4гуан3
方便,фанг1биан4
方便面,фанг1биан4миан4
方法,фанг1фа3
方面,фанг1миан4
方向,фанг1xианг4
放下,фанг4xиа4
放心,фанг4xин1
分,фен1
分开,фен1каи1
分数,фен1шу4
分钟,фен1чонг1
份,фен4
封,фенг1
服务,фу2уоу4
复习,фу4xи2
该,гаи1
改,гаи3
改变,гаи3биан4
干杯,ган1беи1
感到,ган3дао4
感动,ган3донг4
感觉,ган3юе2
感谢,ган3xие4
干活儿,ган4хуо2рр2
刚,ганг1
刚才,ганг1цаи2
高级,гао1йи2
高中,гао1чонг1
个子,ге4зи3
公共汽车,гонг1гонг4чи4че1
公交车,гонг1йиао1че1
公斤,гонг1йин1
公里,гонг1ли3
公路,гонг1лу4
公平,гонг1пинг2
公司,гонг1сы1
公园,гонг1ыуан2
狗,гоу3
够,гоу4
故意,гу4ыи4
顾客,гу4ке4
关机,гуан1йи1
关心,гуан1xин1
观点,гуан1диан3
广场,гуанг3чанг3
广告,гуанг3гао4
国际,гуо2йи4
过来,гуо4лаи2
过年,гуо4ниан2
过去,гуо4чу4
海,хаи3
海边,хаи3биан1
喊,хан3
好,хао3
好多,хао3ду1
好久,хао3йиу3
好人,хао3рен2
好事,хао3ши4
好像,хао3xианг4
合适,хе2ши4
河,хе2
黑,хеи1
黑板,хеи1бан3
黑色,хеи1се4
红,хонг2
红色,хонг2се4
后来,хоу4лаи2
忽然,ху1ран2
湖,ху2
护照,ху4чао4
花,хуа1
花园,хуа1ыуан2
画,хуа4
画家,хуа4йиа1
画儿,хуа4рр2
坏人,хуаи4рен2
欢迎,хуан1ыин2
换,хуан4
黄,хуанг2
黄色,хуанг2се4
回,хуи2
回国,хуи2гуо2
会,хуи4
活动,хуо2донг4
或,хуо4
或者,хуо4че3
机会,йи1хуи4
鸡,йи1
级,йи2
急,йи2
计划,йи4хуа4
计算机,йи4суан4йи1
加,йиа1
加油,йиа1ыо2
家,йиа1
家庭,йиа1тинг2
家长,йиа1чанг3
假,йиа3
假期,йиа4чи1
检查,йиан3ча2
见到,йиан4дао4
见过,йианг4г4
件,йиан4
健康,йиан4канг1
讲,йианг3
讲话,йианг3хуа4
交,йиао1
交给,йиао1геи3
交通,йиао1тонг1
角,йиао3
角度,йиао3ду4
饺子,йиао3зи3
脚,йиао3
叫作,йиао4цзо4
教师,йиао4ши1
教室,йиао4ши4
教育,йиао4ыу4
接,йие1
接到,йие1дао4
接受,йие1шоу4
接下来,йие1xиа4лаи2
接着,йие1жеe
街,йие1
节,йие2
节目,йие2му4
节日,йие2ри4
借,йие4
斤,йин1
今后,йин1хоу4
进入,йин4ру4
进行,йин4xинг2
近,йин4
经常,йинг1чанг2
经过,йинг1гуо4
经理,йинг1ли3
酒,йиу3
酒店,йиу3диан4
就要,йиу4ыао4
举,ю3
举手,ю3шоу3
举行,ю3xинг2
句,ю4
句子,ю4зи3
卡,ка3
开机,каи1йи1
开心,каи1xин1
开学,каи1xуу2
看法,кан4фа3
考生,као3шенг1
靠,као4
科,ке1
科学,ке1xуу2
可爱,ке3аи4
可能,ке3ненг2
可怕,ке3па4
可是,ке3ши4
可以,ке3ыи3
克,ке4
刻,ке4
客人,ке4рен2
课堂,ке4танг2
空气,конг1чи4
哭,ку1
快餐,куаи4цан1
快点儿,куаи4диан3рр2
快乐,куаи4ле4
快要,куаи4ыао4
筷子,куаи4зи3
拉,ла1
来自,лаи2тзы4
蓝,лан2
蓝色,лан2се4
篮球,лан2чиу2
老,лао3
老,лао3
老年,лао3ниан2
离,ли2
离开,ли2каи1
礼物,ли3уоу4
里头,ли3тоуu
理想,ли3xианг3
例如,ли4ру2
例子,ли4зи3
脸,лиан3
练,лиан4
练习,лиан4xи2
凉,лиан2
凉快,лиан2куаи4
两,лиан3
亮,лиан4
辆,лиан4
零下,линг2xиа4
留,лиу2
留下,лиу2xиа4
留学生,лиу2xуу2шенг1
流,лиу2
流利,лиу2ли4
流行,лиу2xинг2
路边,лу4биан1
卖,маи4
满,ман3
满意,ман3ыи4
猫,мао1
米,ми3
面前,миан4чиан2
名,минг2
名称,минг2ченг1
名单,минг2дан1
明星,минг2xинг1
目的,му4ди4
拿出,на2чу1
拿到,на2дао4
那会儿,на4хуи4ррr
那么,на4меe
那时候,на4ши2хоу4
那样,на4ыанг4
南方,нан2фан1
难过,нан2гуо4
难看,нан2кан4
难受,нан2шоу4
难题,нан2ти2
难听,нан2тин1
能够,ненг2гоу4
年级,ниан2йи2
年轻,ниан2чинг1
努力,ну3ли4
爬,па2
爬山,па2шан1
怕,па4
排,паи2
排队,паи2дуи4
排球,паи2чиу2
碰,пенг4
碰到,пенг4дао4
碰见,пенг4йиан4
篇,пиан1
片,пиан4
漂亮,пиао4лиан4
平,пинг2
平安,пинг2ан1
平常,пинг2чанг2
平等,пинг2денг3
平时,пинг2ши2
瓶,пинг2
瓶子,пинг2зи3
普通,пу3тонг1
普通话,пу3тонг1хуа4
其他,чи2та1
其中,чи2чонг1
骑,чи2
骑车,чи2че1
起飞,чи3феи1
气,чи4
气温,чи4уоен1
千,чиан1
千克,чиан1ке4
前年,чиан2ниан2
墙,чиан2
青年,чинг1ниан2
青少年,чинг1шао4ниан2
轻,чинг1
清楚,чинг1чу3
晴,чинг2
晴天,чинг2тиан1
请客,чинг3ке4
请求,чинг3чиу2
秋天,чиу1тиан1
求,чиу2
球场,чиу2чанг3
球队,чиу2дуи4
球鞋,чиу2xие2
取,чу3
取得,чу3деe
全,чуан2
全部,чуан2бу4
全国,чуан2гуо2
全家,чуан2йиа1
全年,чуан2ниан2
全身,чуан2шен1
全体,чуан2ти3
然后,ран2хоу4
让,ран4
热情,ре4чинг2
人口,рен2коу3
人们,рен2менn
人数,рен2шу4
认为,рен4уоеи2
日报,ри4бао4
日子,ри4зи3
如果,ру2гуо3
入口,ру4коу3
商量,шанг1лиан2
商人,шанг1рен2
上周,шанг4чоу1
少数,шао3шу4
少年,шао4ниан2
身边,шен1биан1
什么样,ши2меeыанг4
生,шенг1
生词,шенг1цы2
生活,шенг1хуо2
声音,шенг1ыин1
省,шенг3
省,шенг3
十分,ши2фен1
实际,ши2йи4
实习,ши2xи2
实现,ши2xиан4
实在,ши2цаи4
食物,ши2уоу4
使用,ши3ыонг4
市,ши4
市长,ши4чанг3
事情,ши4кинг2
收,шоу1
收到,шоу1дао4
收入,шоу1ру4
手表,шоу3биао3
受到,шоу4дао4
舒服,шу1фу2
熟,шу2
数,шу4
数字,шу4тзы4
水平,шуи3пинг2
顺利,шун4ли4
说明,шуо1минг2
司机,сы1йи1
送到,сонг4дао4
送给,сонг4геи3
算,суан4
虽然,суи1ран2
随便,суи2биан4
随时,суи2ши2
所以,суо3ыи3
所有,суо3ыо3
它,та1
它们,та1менn
太太,таи4таи4
态度,таи4ду4
讨论,тао3лун4
套,тао4
特别,те4бие2
特点,те4диан3
疼,тенг2
提,ти2
提出,ти2чу1
提到,ти2дао4
提高,ти2гао1
题,ти2
体育,ти3ыу4
体育场,ти3ыу4чанг3
体育馆,ти3ыу4гуан3
天上,тиан1шанг4
条,тиао2
条件,тиао2йиан4
听讲,тинг1йианг3
听说,тинг1шуо1
停,тинг2
停车,тинг2че1
停车场,тинг2че1чанг3
挺,тинг3
挺好,тинг3хао3
通,тонг1
通过,тонг1гуо4
通知,тонг1чи1
同时,тонг2ши2
同事,тонг2ши4
同样,тонг2ыанг4
头,тоу2
头,тоу2
头发,тоу2фа4
图片,ту2пиан4
推,туи1
腿,туи3
外地,уоаи4ди4
外卖,уоаи4маи4
完,уоан2
完成,уоан2ченг2
完全,уоан2чуан2
晚安,уоан3ан1
晚报,уоан3бао4
晚餐,уоан3цан1
晚会,уоан3хуи4
碗,уоан3
网,уоанг3
网球,уоанг3чиу2
网站,уоанг3чан4
往,уоанг3
为,уоеи4
为什么,уоеи4ши2меe
位,уоеи4
喂,уоеи4
温度,уоен1ду4
闻,уоен2
问路,уоен4лу4
问题,уоен4ти2
午餐,уоу3цан1
午睡,уоу3шуи4
西北,xи1беи3
西餐,xи1цан1
西方,xи1фанг1
西南,xи1на2
西医,xи1и1
习惯,xи2гуан4
洗衣机,xи3и1йи1
洗澡,xи3цао3
下,xиа4
下雪,xиа4xуу3
下周,xиа4чоу1
夏天,xиа4тиан1
相同,xианг1тонг2
相信,xианг1xинн4
响,xианг3
想到,xианг3дао4
想法,xианг3фа3
想起,xианг3чи3
向,xианг4
相机,xианг4йи1
像,xианг4
小,xиао3
小声,xиао3шенг1
小时候,xиао3ши2хоу4
小说,xиао3шуо1
小心,xиао3xин1
小组,xиао3цу3
校园,xиао4ыуан2
校长,xиао4чанг3
笑话,xиао4хуа4
鞋,xие2
心里,xин1ли3
心情,xин1чинг2
心中,xин1чонг1
新闻,xин1уоен2
信,xинн4
信号,xинн4хао4
信息,xинн4xи1
信心,xинн4xин1
信用卡,xинн4ыонг4ка3
星星,xинг1xинг1
行动,xинг2донг4
行人,xинг2рен2
行为,xинг2уоеи2
姓,xинг4
姓名,xинг4минг2
休假,xиу1йиа4
许多,xуу3ду1
选,xуанн3
学期,xуу2чи1
雪,xуу3
颜色,ыан2се4
眼,ыан3
眼睛,ыан3йинг1
养,ыанг3
样子,ыанг4зи3
要求,ыао1чиу2
药,ыао4
药店,ыао4диан4
药片,ыао4пиан4
药水,ыао4шуи3
也许,ые3xуу3
夜,ые4
已经,ыи3йинг1
以后,ыи3хоу4
以前,ыи3чиан2
以上,ыи3шанг4
以外,ыи3уоаи4
以为,ыи3уоеи2
以下,ыи3xиа4
椅子,ыи3зи3
亿,ыи4
意见,ыи4йиан4
意思,ыи4си1
因为,ыин1уоеи4
阴,ыин1
阴天,ыин1тиан1
音节,ыин1йие2
音乐,ыин1лу4
音乐会,ыин1лу4хуи4
银行,ыин2хинг2
银行卡,ыин2хинг2ка3
应该,ыин1гаи1
英文,ыин1уоен2
英语,ыин1ыу3
影片,ыинг3пиан1
影响,ыинг3xианг3
永远,ыонг3ыуан3
油,ыо2
游客,ыо2ке4
友好,ыо3хао3
有人,ыо3рен2
有点儿,ыо3диан3рр2
有意思,ыо3ыи4си1
又,ыо4
鱼,ыу2
语言,ыу3ыан2
原来,ыуан2лаи2
原因,ыуан2ыин1
院,ыуан4
院长,ыуан4чанг3
院子,ыуан4зи3
愿意,ыуан4ыи4
月份,ыуе4фен4
月亮,ыуе4лиан4
越,ыуе4
越来越,ыуе4лаи2ыуе4
云,ыун2
运动,ыун4донг4
咱,цан2
咱们,цан2менn
早餐,цао3цан1
早晨,цао3чен2
早就,цао3йиу4
怎么办,цен3меeбан4
怎么样,цен3меeыанг4
怎样,цен3ыанг4
占,чан4
站,чан4
站住,чан4чу4
长,чанг3
长大,чанг3да4
找出,чао3чу1
照片,чао4пиан1
照相,чао4xианг4
这么,че4меe
这样,че4ыанг4
真正,чен1ченг4
正常,ченг4чанг2
正好,ченг4хао3
正确,ченг4чуе4
正是,ченг4ши4
直接,чи2йие1
只,чи3
只能,чи3ненг2
只要,чи3ыао4
纸,чи3
中餐,чонг1цан1
中级,чонг1йи2
中年,чонг1ниан2
中小学,чонг1xиао3xуу2
中心,чонг1xин1
中医,чонг1и1
重视,чонг4ши4
周,чоу1
周末,чоу1мо4
周年,чоу1ниан2
主人,чу3рен2
主要,чу3ыао4
住房,чу4фанг2
住院,чу4ыуан4
装,чуанг1
准确,чун3чуе4
自己,тзы4йи3
自行车,тзы4xинг2че1
自由,тзы4ыо2
字典,тзы4диан3
走过,цоу3гуо4
走进,цоу3йин4
走开,цоу3каи1
租,цу1
组,цу3
组成,цу3ченг2
组长,цу3чанг3
嘴,цуи3
最近,цуи4йин4
作家,цзо4йиа1
作文,цзо4уоен2
作业,цзо4ые4
作用,цзо4ыонг4
座,цзо4
座位,цзо4уоеи4
做到,цзо4дао4
做法,цзо4фа3
爱心,аи4xин1
安排,ан1паи2
安装,ан1чуанг1
按,ан4
按照,ан4чао4
把,ба3
把,ба3
把握,ба3уоо4
白,баи2
白菜,баи2цаи4
班级,бан1йи2
搬,бан1
搬家,бан1йиа1
板,бан3
办理,бан4ли3
保,бао3
保安,бао3ан1
保持,бао3чи2
保存,бао3цун2
保护,бао3ху4
保留,бао3лиу2
保险,бао3xиан3
保证,бао3ченг4
报,бао4
报到,бао4дао4
报道,бао4дао4
报告,бао4гао4
背,беи4
北部,беи3бу4
背,беи4
背后,беи4хоу4
被,беи4
被子,беи4зи3
本来,бен3лаи2
本领,бен3линг3
比较,би3йиао4
比例,би3ли4
比赛,би3саи4
必然,би4ран2
必要,би4ыао4
变化,биан4хуа4
变为,биан4уоеи4
标题,биао1ти2
标准,биао1чун3
表达,биао3да2
表格,биао3ге2
表面,биао3миан4
表明,биао3минг2
表现,биао3xиан4
表演,биао3ыан3
并,бинг4
并且,бинг4чие3
播出,бо1чу1
播放,бо1фанг4
补,бу3
补充,бу3чонг1
不安,бу4ан1
不得不,бу4де2бу4
不光,бу4гуанг1
不仅,бу4йин3
布,бу4
步,бу4
部,бу4
部门,бу4мен2
部长,бу4чанг3
才能,цаи2ненг2
采取,цаи3чу3
采用,цаи3ыонг4
彩色,цаи3се4
曾经,ценг2йинг1
产生,чан3шенг1
长城,чанг2ченг2
长处,чанг2чу4
长期,чанг2чи1
场合,чанг3хе2
场所,чанг3суо3
超级,чао1йи2
朝,чао2
吵,чао3
吵架,чао3йиа4
衬衫,чен4шан1
衬衣,чен4и1
称为,ченг1уоеи2
成功,ченг2гонг1
成果,ченг2гуо3
成就,ченг2йиу4
成立,ченг2ли4
成熟,ченг2шу2
成员,ченг2ыуан2
成长,ченг2чанг3
城,ченг2
城市,ченг2ши4
程度,ченг2ду4
持续,чи2xуу4
充满,чонг1ман3
初,чу1
初,чу1
初步,чу1бу4
初级,чу1йи2
初中,чу1чонг1
除了,чу2леe
处理,чу3ли3
传,чуан2
传播,чуан2бо1
传来,чуан2лаи2
传说,чуан2шуо1
创新,чуанг4xин1
创业,чуанг4ые4
创造,чуанг4цао4
创作,чуанг4цзо4
从来,цонг2лаи2
从前,цонг2чиан2
从事,цонг2ши4
村,цун1
存,цун2
存在,цун2цаи4
错误,цуо4уоу4
达到,да2дао4
打破,да3по4
打听,да3тинг1
大概,да4гаи4
大使馆,да4ши3гуан3
大约,да4ыуе1
代,даи4
代表,даи4биао3
代表团,даи4биао3туан2
带动,даи4донг4
带领,даи4линг3
单元,дан1ыуан2
当初,данг1чу1
当地,данг1ди4
当然,данг1ран2
当中,данг1чонг1
刀,дао1
导演,дао3ыан3
到达,дао4да2
到底,дао4ди3
得分,де2фен1
等待,денг3даи4
地区,ди4чу1
电视剧,диан4ши4ю4
电视台,диан4ши4таи2
电台,диан4таи2
电子邮件,диан4тзы3ыо2йиан4
调,диао4
调查,диао4ча2
订,динг4
定期,динг4чи1
东部,донг1бу4
动力,донг4ли4
动人,донг4рен2
读者,ду2че3
短处,дуан3чу4
短裤,дуан3ку4
短期,дуан3чи1
断,дуан4
队员,дуи4ыуан2
对待,дуи4даи4
对方,дуи4фанг1
对手,дуи4шоу3
对象,дуи4xианг4
顿,дун4
发表,фа1биао3
发出,фа1чу1
发达,фа1да2
发动,фа1донг4
发明,фа1минг2
发生,фа1шенг1
发送,фа1сонг4
发言,фа1ыан2
发展,фа1чан3
反对,фан3дуи4
反复,фан3фу4
反应,фан3ыинг4
反正,фан3ченг4
范围,фан4уоеи2
方式,фанг1ши4
防,фанг2
防止,фанг2чи3
房东,фанг2донг1
房屋,фанг2уо1
房租,фанг2цу1
访问,фанг3уоен4
放到,фанг4дао4
飞行,феи1xинг2
费,феи4
费用,феи4ыонг4
分别,фен1бие2
分配,фен1пеи4
分组,фен1цу3
丰富,фенг1фу4
风险,фенг1xиан3
否定,фоу3динг4
否认,фоу3рен4
服装,фу2чуанг1
福,фу2
父母,фу4му3
父亲,фу4чин1
付,фу4
负责,фу4це2
复印,фу4ыин4
复杂,фу4ца2
富,фу4
改进,гаи3йин4
改造,гаи3цао4
概念,гаи4ниан4
赶,ган3
赶到,ган3дао4
赶紧,ган3йин3
赶快,ган3куаи4
敢,ган3
感冒,ган3мао4
感情,ган3чинг2
感受,ган3шоу4
干吗,ган4ма2
高速,гао1су4
高速公路,гао1су4гонг1лу4
告别,гао4бие2
歌迷,ге1ми2
歌声,ге1шенг1
歌手,ге1шоу3
个人,ге4рен2
个性,ге4xинг4
各,ге4
各地,ге4ди4
各位,ге4уоеи4
各种,ге4чонг3
各自,ге4тзы4
根本,ген1бен3
更加,генг4йиа1
工厂,гонг1чанг3
工程师,гонг1ченг2ши1
工夫,гонг1фу1
工具,гонг1ю4
工业,гонг1ые4
工资,гонг1тзы1
公布,гонг1бу4
公共,гонг1гонг4
公开,гонг1каи1
公民,гонг1мин2
公务员,гонг1уоу4ыуан2
功夫,гонг1фу1
功课,гонг1ке4
功能,гонг1ненг2
共同,гонг4тонг2
共有,гонг4ыо3
姑娘,гу1ниан2
古,гу3
古代,гу3даи4
故乡,гу4xианг1
挂,гуа4
关注,гуан1чу4
观察,гуан1ча2
观看,гуан1кан4
观念,гуан1ниан4
观众,гуан1чонг4
管,гуан3
管理,гуан3ли3
光,гуанг1
光明,гуанг1минг2
广播,гуанг3бо1
广大,гуанг3да4
规定,гуе1динг4
规范,гуе1фан4
国内,гуо2неи4
国庆,гуо2чинг4
果然,гуо3ран2
果汁,гуо3чи1
过程,гуо4ченг2
过去,гуо4чу4
哈哈,ха1ха1
海关,хаи3гуан1
害怕,хаи4па4
行,хинг2
好好,хао3хао3
好奇,хао4чи2
合,хе2
合法,хе2фа3
合格,хе2ге2
合理,хе2ли3
合作,хе2цзо4
和平,хе2пинг2
红茶,хонг2ча2
红酒,хонг2йиу3
后果,хоу4гуо3
后年,хоу4ниан2
互联网,ху4лиан2уоанг3
互相,ху4xианг1
划船,хуа2чуан2
华人,хуа2рен2
化,хуа4
话剧,хуа4ю4
话题,хуа4ти2
欢乐,хуан1ле4
环,хуан2
环保,хуан2бао3
环境,хуан2йинг4
会议,хуи4ыи4
会员,хуи4ыуан2
活,хуо2
火,хуо3
机器,йи1чи4
积极,йи1йи2
基本,йи1бен3
基础,йи1чу3
及时,йи2ши2
…极了,йи…
集体,йи2ти3
集中,йи2чонг1
计算,йи4суан4
记录,йи4лу4
记者,йи4че3
纪录,йи4лу4
纪念,йи4ниан4
技术,йи4шу4
继续,йи4xуу4
加工,йиа1гонг1
加快,йиа1куаи4
加强,йиа1чиан2
家具,йиа1ю4
家属,йиа1шу3
家乡,йиа1xианг1
价格,йиа4ге2
价值,йиа4чи2
架,йиа4
坚持,йиан1чи2
坚决,йиан1юе2
坚强,йиан1чиан2
简单,йиан3дан1
简直,йиан3чи2
建,йиан4
建成,йиан4ченг2
建立,йиан4ли4
建设,йиан4ше4
建议,йиан4ыи4
将近,йианг1йин4
将来,йианг1лаи2
交费,йиао1феи4
交警,йиао1йинг3
交流,йиао1лиу2
交往,йиао1уоанг3
交易,йиао1ыи4
叫,йиао4
较,йиао4
教材,йиао4цаи2
教练,йиао4лиан4
接待,йие1даи4
接近,йие1йин4
节约,йие2ыуе1
结合,йие2хе2
结婚,йие2хун1
结束,йие2шу4
解决,йие3юе2
解开,йие3каи1
金,йин1
金牌,йин1паи2
仅,йин3
仅仅,йин3йин3
尽量,йин3лиан4
紧,йин3
紧急,йин3йи2
紧张,йин3чанг1
进步,йин4бу4
进展,йин4чан3
近期,йин4чи1
京剧,йинг1ю4
经济,йинг1йи4
经历,йинг1ли4
经验,йинг1ыан4
经营,йинг1ыин2
精彩,йинг1цаи3
精神,йинг1шен2
景色,йинг3се4
警察,йинг3ча2
静,йинг4
久,йиу3
旧,йиу4
救,йиу4
就是,йиу4ши4
就业,йиу4ые4
举办,ю3бан4
具体,ю4ти3
具有,ю4ыо3
剧场,ю4чанг3
据说,ю4шуо1
决定,юе2динг4
决赛,юе2саи4
决心,юе2xин1
绝对,юе2дуи4
咖啡,ка1феи1
开发,каи1фа1
开放,каи1фанг4
开始,каи1ши3
开业,каи1ые4
开展,каи1чан3
考验,као3ыан4
科技,ке1йи4
可靠,ке3као4
可乐,ке3ле4
克服,ке4фу2
客观,ке4гуан1
课程,ке4ченг2
空,конг1
空调,конг1диао2
恐怕,конг3па4
空儿,конг4рр2
裤子,ку4зи3
快速,куаи4су4
困,кун4
浪费,ланг4феи4
老百姓,лао3баи3xинг4
老板,лао3бан3
老太太,лао3таи4таи4
老头儿,лао3тоуuррr
乐,ле4
乐观,ле4гуан1
类,леи4
类似,леи4сы4
离婚,ли2хун1
里面,ли3миан4
理发,ли3фа4
理解,ли3йие3
理论,ли3лун4
理由,ли3ыо2
力,ли4
立刻,ли4ке4
利用,ли4ыонг4
连,лиан2
连忙,лиан2манг2
连续,лиан2xуу4
连续剧,лиан2xуу4ю4
联合,лиан2хе2
联合国,лиан2хе2гуо2
联系,лиан2xи4
凉水,лиан2шуи3
了,леe
领,линг3
领导,линг3дао3
领先,линг3xиан1
另外,линг4уоаи4
留学,лиу2xуу2
龙,лонг2
录,лу4
录音,лу4ыин1
路线,лу4xиан4
乱,луан4
落后,луо4хоу4
麻烦,ма2фан2
马,ма3
满足,ман3цу2
慢慢,ман4ман4
毛,мао2
毛病,мао2бинг4
没用,меи2ыонг4
媒体,меи2ти3
每,меи3
美,меи3
美好,меи3хао3
美丽,меи3ли4
美食,меи3ши2
美术,меи3шу4
美元,меи3ыуан2
迷,ми2
米,ми3
面对,миан4дуи4
面积,миан4йи1
民间,мин2йиан1
民族,мин2цу2
明确,минг2чуе4
明显,минг2xиан3
命运,минг4ыун4
某,моу3
母亲,му3чин1
木头,му4тоуu
目标,му4биао1
目前,му4чиан2
奶茶,наи3ча2
男子,нан2тз3
南部,нан2бу4
难道,нан2дао4
难度,нан2ду4
内,неи4
内容,неи4ронг2
内心,неи4xин1
能不能,ненг2бу4н2
能力,ненг2ли4
年初,ниан2чу1
年代,ниан2даи4
年底,ниан2ди3
年纪,ниан2йи4
念,ниан4
牛,ниу2
农村,нонг2цун1
农民,нонг2мин2
农业,нонг2ые4
暖和,нуан3хуo
怕,па4
拍,паи1
排,паи2
排名,паи2минг2
牌子,паи2зи3
派,паи4
判断,пан4дуан4
跑步,пао3бу4
配,пеи4
配合,пеи4хе2
批评,пи1пинг2
批准,пи1чун3
皮,пи2
皮包,пи2бао1
啤酒,пи2йиу3
票价,пиао4йиа4
评价,пинг2йиа4
苹果,пинг2гуо3
破,по4
破坏,по4хуаи4
普遍,пу3биан4
普及,пу3йи2
期,чи1
齐,чи2
其次,чи2цы4
其实,чи2ши2
奇怪,чи2гуаи4
气候,чи4хоу4
千万,чиан1уоан4
前后,чиан2хоу4
前进,чиан2йин4
前面,чиан2миан4
前往,чиан2уоанг3
强,чиан2
强大,чиан2да4
强调,чиан2диао4
强烈,чиан2лие4
桥,чиао2
巧,чиао3
亲,чин1
亲切,чин1чие4
亲人,чин1рен2
亲自,чин1тзы4
情感,чинг2ган3
情况,чинг2куанг4
请教,чинг3йиао4
庆祝,чинг4чу4
球迷,чиу2ми2
区,чу1
区别,чу1бие2
取消,чу3xиао1
去世,чу4ши4
全场,чуан2чанг3
全面,чуан2миан4
全球,чуан2чиу2
缺,чуе1
缺点,чуе1диан3
缺少,чуе1шао3
确保,чуе4бао3
确定,чуе4динг4
确实,чуе4ши2
裙子,чун2зи3
群,чун2
热爱,ре4аи4
热烈,ре4лие4
人才,рен2цаи2
人工,рен2гонг1
人类,рен2леи4
人民,рен2мин2
人民币,рен2мин2би4
人群,рен2чун2
人生,рен2шенг1
人员,рен2ыуан2
认出,рен4чу1
认可,рен4ке3
任,рен4
任,рен4
任何,рен4хе2
任务,рен4уо4
仍,ренг2
仍然,ренг2ран2
日常,ри4чанг2
容易,ронг2ыи4
如何,ру2хе2
散步,сан4бу4
沙发,ша1фа1
沙子,ша1зи3
伤,шанг1
伤心,шанг1xин1
商品,шанг1пин3
商业,шанг1ые4
上来,шанг4лаи2
上面,шанг4миан4
上去,шанг3чу4
上升,шанг4шенг1
上衣,шанг4и1
设备,ше4беи4
设计,ше4йи4
设立,ше4ли4
社会,ше4хуи4
身份证,шен1фен4ченг4
深,шен1
深刻,шен1ке4
深入,шен1ру4
升,шенг1
生,шенг1
生产,шенг1чан3
生存,шенг1цун2
生动,шенг1донг4
生命,шенг1минг4
生长,шенг1чанг3
声明,шенг1минг2
胜,шенг4
胜利,шенг4ли4
失去,ши1чу4
石头,ши2тоуu
石油,ши2ыо2
时,ши2
时代,ши2даи4
时刻,ши2ке4
实际上,ши2йи4шанг4
实力,ши2ли4
实行,ши2xинг2
实验,ши2ыан4
实验室,ши2ыан4ши4
食品,ши2пин3
使,ши3
始终,ши3чонг1
世纪,ши4йи4
世界,ши4йие4
世界杯,ши4йие4беи1
市场,ши4чанг3
事故,ши4гу4
事件,ши4йиан4
事实,ши4ши2
事实上,ши4ши2шанг4
事业,ши4ые4
试题,ши4ти2
试验,ши4ыан4
适合,ши4хе2
适应,ши4ыинг4
适用,ши4ыонг4
室,ши4
收费,шоу1феи4
收看,шоу1кан4
收听,шоу1тинг1
收音机,шоу1ыин1йи1
手续,шоу3xуу4
手指,шоу3чи3
首都,шоу3ду1
首先,шоу3xиан1
受,шоу4
受伤,шоу4шанг1
书架,шу1йиа4
输,шу1
输入,шу1ру4
熟人,шу2рен2
属,шу3
属于,шу3ыу2
束,шу4
数量,шу4лиан4
双,шуанг1
双方,шуанг1фанг1
思想,сы1xианг3
死,сы3
速度,су4ду4
随,суи2
所,суо3
台,таи2
谈,тан2
谈话,тан2хуа4
谈判,тан2пан4
汤,танг1
糖,танг2
特色,те4се4
提前,ти2чиан2
提问,ти2уоен4
题目,ти2му4
体会,ти3хуи4
体现,ти3xиан4
体验,ти3ыан4
天空,тиан1конг1
甜,тиан2
调,диао4
调整,диао2ченг3
跳,тиао4
跳高,тиао4гао1
跳舞,тиао4уоу3
跳远,тиао4ыуан3
铁,тие3
铁路,тие3лу4
听力,тинг1ли4
听众,тинг1чонг4
停止,тинг2чи3
通常,тонг1чанг2
通信,тонг1xинн4
同意,тонг2ыи4
痛,тонг4
痛苦,тонг4ку3
头,тоу2
头脑,тоу2нао3
突出,ту1чу1
突然,ту1ран2
图,ту2
图画,ту2хуа4
土,ту3
团,туан2
团结,туан2йие2
团体,туан2ти3
推动,туи1донг4
推广,туи1гуанг3
推进,туи1йин4
推开,туи1каи1
退,туи4
退出,туи4чу1
退休,туи4xиу1
外交,уоаи4йиао1
外面,уоаи4миан4
外文,уоаи4уоен2
完美,уоан2меи3
完善,уоан2шан4
完整,уоан2ченг3
玩具,уоан2ю4
往往,уоанг3уоанг3
危害,уоеи1хаи4
危险,уоеи1xиан3
为,уоеи4
为,уоеи4
围,уоеи2
伟大,уоеи3да4
卫生,уоеи4шенг1
卫生间,уоеи4шенг1йиан1
为了,уоеи4леe
温暖,уоен1нуан3
文化,уоен2хуа4
文件,уоен2йиан4
文明,уоен2минг2
文学,уоен2xуу2
文章,уоен2чанг1
文字,уоен2тзы4
握手,уоо4шоу3
屋子,уо1зи3
武器,уоу3чи4
武术,уоу3шу4
舞台,уоу3таи2
西部,xи1бу4
希望,xи1уоан4
系,xи4
下面,xиа4миан4
下去,xиа4чу4
先进,xиан1йин4
显得,xиан3деe
显然,xиан3ран2
显示,xиан3ши4
现场,xиан4чанг3
现代,xиан4даи4
现金,xиан4йин1
现实,xиан4ши2
现象,xиан4xианг4
线,xиан4
相比,xианг1би3
相当,xианг1данг1
相关,xианг1гуан1
相互,xианг1ху4
相似,xианг1сы4
香,xианг1
香蕉,xианг1йиао1
消费,xиао1феи4
消失,xиао1ши1
消息,xиао1xи1
效果,xиао4гуо3
写作,xие3цзо4
血,xиу4
心,xин1
信,xинн4
信封,xинн4фенг1
信任,xинн4рен4
形成,xинг2ченг2
形式,xинг2ши4
形象,xинг2xианг4
形状,xинг2чуанг4
幸福,xинг4фу2
幸运,xинг4ыун4
性,xинг4
性别,xинг4бие2
性格,xинг4ге2
修,xиу1
修改,xиу1гаи3
需求,xуу1чиу2
需要,xуу1ыао4
宣布,xуанн1бу4
宣传,xуанн1чуан2
选手,xуанн3шоу3
学费,xуу2феи4
训练,xунн4лиан4
压,ыа1
压力,ыа1ли4
烟,ыан1
眼前,ыан3чиан2
演,ыан3
演唱,ыан3чанг4
演唱会,ыан3чанг4хуи4
演出,ыан3чу1
演员,ыан3ыуан2
羊,ыанг2
阳光,ыанг2гуанг1
要是,ыао4ши4
衣架,и1йиа4
已,ыи3
以来,ыи3лаи2
艺术,ыи4шу4
意外,ыи4уоаи4
意义,ыи4ыи4
因此,ыин1цы3
银,ыин2
银牌,ыин2паи2
印象,ыин4xианг4
应当,ыин1данг1
迎接,ыин2йие1
营养,ыин2ыанг3
赢,ыин2
影视,ыинг3ши4
应用,ыинг4ыонг4
优点,ыо1диан3
优势,ыо1ши4
由,ыо2
由于,ыо2ыу2
邮件,ыо2йиан4
邮票,ыо2пиао4
邮箱,ыо2xианг1
游,ыо2
游戏,ыо2xи4
游泳,ыо2ыонг3
有的是,ыо3деeши4
有利,ыо3ли4
有效,ыо3xиао4
预报,ыу4бао4
预防,ыу4фанг2
预计,ыу4йи4
预习,ыу4xи2
员,ыуан2
员工,ыуан2гонг1
愿望,ыуан4уоан4
约,ыуе1
乐队,лу4дуи4
运输,ыун4шу1
杂志,ца2чих4
早已,цао3ыи3
造,цао4
造成,цао4ченг2
责任,це2рен4
增加,ценг1йиа1
增长,ценг1чанг3
展开,чан3каи1
张,чанг1
照,чао4
者,че3
真实,чен1ши2
争,ченг1
争取,ченг1чу3
整,ченг3
整个,ченг3ге4
整理,ченг3ли3
整齐,ченг3чи2
整体,ченг3ти3
整天,ченг3тиан1
整整,ченг3ченг3
正,ченг4
正式,ченг4ши4
证,ченг4
证件,ченг4йиан4
证据,ченг4ю4
证明,ченг4минг2
支,чи1
支持,чи1чи2
支付,чи1фу4
只,чи3
直,чи2
直播,чи2бо1
直到,чи2дао4
值,чи2
值得,чи2деe
职工,чи2гонг1
职业,чи2ые4
只好,чи3хао3
只是,чи3ши4
只有,чи3ыо3
指,чи3
指出,чи3чу1
指导,чи3дао3
至今,чих4йин1
至少,чих4шао3
志愿,чих4ыуан4
志愿者,чих4ыуан4че3
制定,чих4динг4
制度,чих4ду4
制造,чих4цао4
制作,чих4цзо4
中部,чонг1бу4
中华民族,чонг1хуа2мин2цу2
终于,чонг1ыу2
钟,чонг1
种,чонг3
种子,чонг3зи3
重大,чонг4да4
周围,чоу1уоеи2
猪,чу1
主持,чу3чи2
主动,чу3донг4
主任,чу3рен4
主意,чу3ыи4
主张,чу3чанг1
注意,чу4ыи4
祝,чу4
抓,чуа1
抓住,чуа1чу4
专家,чуан1йиа1
专门,чуан1мен2
专题,чуан1ти2
专业,чуан1ые4
转,чуан3
转变,чуан3биан4
状况,чуанг4куанг4
状态,чуанг4таи4
准,чун3
资格,тзы1ге2
资金,тзы1йин1
自从,тзы4цонг2
自动,тзы4донг4
自觉,тзы4юе2
自然,тзы4ран2
自身,тзы4шен1
自主,тзы4чу3
总,цзнг3
总结,цзнг3йие2
总是,цзнг3ши4
足够,цу2гоу4
足球,цу2чиу2
组合,цу3хе2
左右,цзо3ыо4
作品,цзо4пин3
作者,цзо4че3
阿姨,а1ыи2
矮,аи3
矮小,аи3xиао3
爱国,аи4гуо2
爱护,аи4ху4
安,ан1
安置,ан1чих4
按时,ан4ши2
暗,ан4
暗示,ан4ши4
巴士,ба1ши4
百货,баи3хуо4
摆,баи3
摆动,баи3донг4
摆脱,баи3ту1
败,баи4
办事,бан4ши4
包裹,бао1гуо3
包含,бао1хан2
包括,бао1куо4
宝,бао3
宝宝,бао3бао3
宝贝,бао3беи4
宝贵,бао3гуе4
宝石,бао3ши2
保密,бао3ми4
保守,бао3шоу3
抱,бао4
背景,беи4йинг3
倍,беи4
被迫,беи4по4
本科,бен3ке1
笨,бен4
比分,би3фен1
毕业,би4ые4
毕业生,би4ые4шенг1
避,би4
避免,би4миан3
编,биан1
辩论,биан4лун4
标志,биао1чих4
表情,биао3чинг2
表扬,биао3ыанг2
别,бие2
冰,бинг1
冰箱,бинг1xианг1
冰雪,бинг1xуу3
兵,бинг1
并,бинг4
不管,бу4гуан3
不然,бу4ран2
布置,бу4чих4
步行,бу4xинг2
擦,ца1
才,цаи2
材料,цаи2лиао4
财产,цаи2чан3
财富,цаи2фу4
采访,цаи3фанг3
参考,цан1као3
参与,цан1ыу4
操场,цао1чанг3
操作,цао1цзо4
测,це4
测量,це4лиан2
测试,це4ши4
曾,ценг2
茶叶,ча2ые4
产品,чан3пин3
长途,чанг2ту2
常识,чанг2ши2
唱片,чанг4пиан4
抄,чао1
抄写,чао1xие3
潮,чао2
潮流,чао2лиу2
潮湿,чао2ши1
彻底,че4ди3
沉,чен2
沉默,чен2мо4
沉重,чен2чонг4
称赞,ченг1цан4
成人,ченг2рен2
诚实,ченг2ши2
诚信,ченг2xинн4
承担,ченг2дан1
承认,ченг2рен4
承受,ченг2шоу4
程序,ченг2xуу4
吃惊,чи1линг1
迟到,чи2дао4
尺子,чи3зи3
冲,чонг1
充电,чонг1диан4
充电器,чонг1диан4чи4
充分,чонг1фен4
虫子,чонг2зи3
抽,чоу1
抽奖,чоу1йианг3
抽烟,чоу1ыан1
出口,чу1коу3
出色,чу1се4
出售,чу1шоу4
出席,чу1xи2
处于,чу3ыу2
处,чу4
传统,чуан2тонг3
窗户,чуанг1ху4
窗台,чуанг1таи2
窗子,чуанг1зи3
春季,чун1йи4
纯,чун2
纯净水,чун2йинг4шуи3
词汇,цы2хуи4
此,цы3
此外,цы3уоаи4
次,цы4
刺,цы4
刺激,цы4йи1
从此,цонг2цы3
粗,цу1
粗心,цу1xин1
促进,цу4йин4
促使,цу4ши3
促销,цу4xиао1
措施,цуо4ши1
答案,да2ан4
打败,да3баи4
打雷,да3леи2
打扫,да3сао3
打折,да3че2
打针,да3чен1
大巴,да4ба1
大多,да4ду1
大哥,да4ге1
大规模,да4гуе1мо2
大会,да4хуи4
大姐,да4йие3
大楼,да4лоу2
大陆,да4лу4
大妈,да4ма1
大型,да4xинг2
大众,да4чонг4
代替,даи4ти4
待遇,даи4ыу4
袋,даи4
戴,даи4
担保,дан1бао3
担任,дан1рен4
担心,дан1xин1
单,дан1
单纯,дан1чун2
单调,дан1диао4
单独,дан1ду2
淡,дан4
导游,дао3ыо2
导致,дао3чих4
倒闭,дао3би4
倒车,дао4че1
得意,де2ыи4
灯光,денг1гуанг1
登,денг1
登记,денг1йи4
登录,денг1лу4
登山,денг1шан1
的确,де2чуе4
敌人,ди2рен2
地面,ди4миан4
地位,ди4уоеи4
地下,ди4xиа4
地址,ди4чи3
典型,диан3xинг2
点名,диан3минг2
电灯,диан4денг1
电动车,диан4д4ч1
电梯,диан4ти1
电源,диан4ыуан2
顶,динг3
定,динг4
冬季,донг1йи4
动画片,донг4хуа4пиан1
动摇,донг4ыао2
豆腐,доу4фу3
独立,ду2ли4
独特,ду2те4
独自,ду2тзы4
堵,ду3
堵车,ду3че1
肚子,ду3зи3
度过,ду4гуо4
锻炼,дуан4лиан4
对比,дуи4би3
对付,дуи4фу4
对于,дуи4ыу2
多次,ду1цы4
多年,ду1ниан2
多样,ду1ыанг4
多种,ду1чонг3
儿童,ер2тонг2
而,ер2
而是,ер2ши4
耳机,ер3йи1
二手,ер4шоу3
发挥,фа1хуи1
发票,фа1пиао4
发烧,фа1шао1
法,фа3
法官,фа3гуан1
法院,фа3ыуан4
翻,фан1
翻译,фан1ыи4
烦,фан2
反,фан3
反而,фан3ер2
反映,фан3ыинг4
方,фанг1
方案,фанг1ан4
方针,фанг1чен1
放松,фанг4сонг1
非,феи1
肥,феи2
分布,фен1бу4
分散,фен1сан3
分手,фен1шоу3
分为,фен1уоеи2
…分之…,фен…жи1
纷纷,фен1фен1
奋斗,фен4доу4
风格,фенг1ге2
风景,фенг1йинг3
风俗,фенг1су2
封闭,фенг1би4
否则,фоу3це2
夫妇,фу1фу4
夫妻,фу1чи1
符号,фу2хао4
符合,фу2хе2
付出,фу4чу1
负担,фу4дан1
附近,фу4йин4
复制,фу4чих4
改善,гаи3шан4
改正,гаи3ченг4
盖,гаи4
概括,гаи4куо4
感兴趣,ган3xинг4чу4
高潮,гао1чао2
高价,гао1йиа4
高尚,гао1шанг4
高铁,гао1тие3
格外,ге2уоаи4
隔,ге2
隔开,ге2каи1
个别,ге4бие2
个体,ге4ти3
各个,ге4ге4
根,ген1
根据,ген1ю4
工程,гонг1ченг2
公元,гонг1ыуан2
供应,гонг1ыинг4
共,гонг4
构成,гоу4ченг2
构造,гоу4цао4
购买,гоу4маи3
购物,гоу4уоу4
骨头,гу2тоуu
固定,гу4динг4
瓜,гуа1
怪,гуаи4
关,гуан1
关闭,гуан1би4
关于,гуан1ыу2
官,гуан1
官方,гуан1фанг1
光临,гуанг1лин2
光盘,гуанг1пан2
逛,гуанг4
归,гуе1
规模,гуе1мо2
规则,гуе1це2
果实,гуо3ши2
过分,гуо4фен4
海水,хаи3шуи3
海鲜,хаи3xиан1
含,хан2
含量,хан2лиан4
含义,хан2ыи4
含有,хан2ыо3
寒假,хан2йиа4
寒冷,хан2ленг3
行业,хинг2ые4
航班,ханг2бан1
航空,ханг2конг1
毫米,хао2ми3
毫升,хао2шенг1
好友,хао3ыо3
号码,хао4ма3
好,хао3
合同,хе2тонг2
黑暗,хеи1ан4
红包,хонг2бао1
后头,хоу4тоуu
厚,хоу4
呼吸,ху1xи1
忽视,ху1ши4
户,ху4
护士,ху4ши4
花,хуа1
划,хуа4
划,хуа4
怀念,хуаи2ниан4
怀疑,хуаи2ыи2
缓解,хуан3йие3
黄瓜,хуанг2гуа1
黄金,хуанг2йин1
回复,хуи2фу4
汇,хуи4
汇报,хуи4бао4
婚礼,хун1ли3
火,хуо3
伙,хуо3
伙伴,хуо3бан4
或许,хуо4xуу3
货,хуо4
获,хуо4
获得,хуо4де2
获奖,хуо4йианг3
获取,хуо4чу3
几乎,йи1ху1
机构,йи1гоу4
机遇,йи1ыу4
积累,йи1леи3
激动,йи1донг4
激烈,йи1лие4
及格,йи2ге2
极,йи2
极其,йи2чи2
即将,йи2йианг1
急忙,йи2манг2
集合,йи2хе2
记载,йи4цаи3
技巧,йи4чиао3
系,xи4
季,йи4
季度,йи4ду4
季节,йи4йие2
既,йи4
既然,йи4ран2
寄,йи4
加班,йиа1бан1
加入,йиа1ру4
加油站,йиа1ыо2чан4
家务,йиа1уоу4
假如,йиа3ру2
坚固,йиан1гу4
检测,йиан3це4
减,йиан3
减肥,йиан3феи2
减少,йиан3шао3
简历,йиан3ли4
健身,йиан4шен1
渐渐,йиан4йиан4
江,йианг1
讲究,йианг3йиу1
讲座,йианг3цзо4
奖,йианг3
奖金,йианг3йин1
奖学金,йианг3xуу2йин1
降,йианг4
降低,йианг4ди1
降价,йианг4йиа4
降落,йианг4луо4
降温,йианг4уоен1
交换,йиао1хуан4
交际,йиао1йи4
教授,йиао4шоу4
阶段,йие1дуан4
街道,йие1дао4
节省,йие2шенг3
结,йие2
结构,йие2гоу4
结论,йие2лун4
姐妹,йие3меи4
解释,йие3ши4
尽快,йин3куаи4
紧密,йин3ми4
尽力,йин4ли4
进口,йин4коу3
近代,йин4даи4
禁止,йин4чи3
经典,йинг1диан3
精力,йинг1ли4
竟然,йинг4ран2
镜头,йинг4тоу2
镜子,йинг4зи3
究竟,йиу1йинг4
酒吧,йиу3ба1
居民,ю1мин2
居住,ю1чу4
局,ю2
巨大,ю4да4
具备,ю4беи4
距离,ю4ли2
聚,ю4
聚会,ю4хуи4
卷,юана3
角色,йиао2се4
开花,каи1хуа1
开水,каи1шуи3
看不起,кан4бу4чи3
看望,кан4уоан4
考察,као3ча2
棵,ке1
可见,ке3йиан4
空间,конг1йиан1
空,конг1
口袋,коу3даи4
口语,коу3ыу3
苦,ку3
会计,хуа4йи4
快递,куаи4ди4
宽,куан1
宽广,куан1гуанг3
矿泉水,куанг4чуан2шуи3
扩大,куо4да4
扩展,куо4чан3
括号,куо4хао4
垃圾,ла1йи1
拉开,ла1каи1
辣,ла4
来不及,лаи2бу4йи2
来得及,лаи2деeйи2
来源,лаи2ыуан2
老公,лао3гонг1
老家,лао3йиа1
老婆,лао3по2
老实,лао3ши2
乐趣,ле4чу4
泪,леи4
泪水,леи4шуи3
类型,леи4xинг2
冷静,ленг3йинг4
厘米,ли2ми3
力气,ли4ки4
历史,ли4ши3
立即,ли4йи2
利息,ли4xи1
利益,ли4ыи4
俩,лиа3
良好,лиан2хао3
量,лиан4
粮食,лиан2ши2
疗养,лиао2ыанг3
了不起,ле3бу4чи3
了解,ле3йие3
列,лие4
列车,лие4че1
列入,лие4ру4
列为,лие4уоеи4
临时,лин2ши2
零食,линг2ши2
流传,лиу2чуан2
楼梯,лоу2ти1
陆地,лу4ди4
陆续,лу4xуу4
录取,лу4чу3
轮,лун2
轮船,лун2чуан2
轮椅,лун2ыи3
轮子,лун2зи3
论文,лун4уоен2
毛巾,мао2йин1
毛衣,мао2и1
帽子,мао4зи3
没错,меи2цуо4
没想到,меи2xианг3дао4
美金,меи3йин1
梦,менг4
梦见,менг4йиан4
梦想,менг4xианг3
秘密,ми4ми4
秘书,ми4шу1
密,ми4
密码,ми4ма3
密切,ми4чие4
免费,миан3феи4
面临,миан4лин2
面试,миан4ши4
描述,миао2шу4
描写,миао2xие3
名片,минг2пиан4
名人,минг2рен2
摸,мо1
模特儿,мо2те4рр2
模型,мо2xинг2
末,мо4
默默,мо4мо4
哪怕,на3па4
哪,на3
男士,нан2ши4
难免,нан2миа3
脑袋,нао3даи4
闹,нао4
闹钟,нао4чонг1
内部,неи4бу4
内科,неи4ке1
能干,ненг2ган4
宁静,нинг2йинг4
浓,нонг2
暖气,нуан3чи4
拍照,паи1чао4
排列,паи2лие4
牌,паи2
盘,пан2
盘子,пан2зи3
胖子,панг4зи3
培训,пеи2xунн4
培训班,пеи2xунн4бан1
培养,пеи2ыанг3
培育,пеи2ыу4
批,пи1
批,пи1
片面,пиан4миан4
品质,пин3чих4
平方,пинг2фанг1
平静,пинг2йинг4
平均,пинг2юн1
平稳,пинг2уоен3
迫切,по4чие4
破产,по4чан3
期待,чи1даи4
期间,чи1йиан1
期末,чи1мо4
期限,чи1xиан4
期中,чи1чонг1
其余,чи2ыу2
企业,чи3ые4
气球,чи4чиу2
汽水,чи4шуи3
汽油,чи4ыо2
器官,чи4гуан1
前头,чиан2тоуu
前途,чиан2ту2
巧克力,чиао3ке4ли4
切,чие4
亲爱,чин1аи4
亲密,чин1ми4
青春,чинг1чун1
轻松,чинг1сонг1
轻易,чинг1ыи4
清醒,чинг1xинн3
情景,чинг2йинг3
穷,чион2
穷人,чион2рен2
秋季,чиу1йи4
趋势,чу1ши4
权利,чуан2ли4
却,чуе4
确认,чуе4рен4
然而,ран2ер2
燃料,ран2лиао4
燃烧,ран2шао1
热闹,ре4нао4
热心,ре4xин1
人家,рен2йиа1
日记,ри4йи4
日历,ри4ли4
如今,ру2йин1
弱,руо4
伞,сан3
散,сан4
扫,сао3
色,се4
色彩,се4цаи3
森林,сен1лин2
晒,шаи4
闪,шан3
闪电,шан3диан4
善良,шан4лиан2
善于,шан4ыу2
伤害,шанг1хаи4
商务,шанг1уоу4
赏,шанг3
上个月,шанг4ге4ыуе4
上楼,шанг4лоу2
上门,шанг4мен2
烧,шао1
设施,ше4ши1
设置,ше4чих4
申请,шен1чинг3
身材,шен1цаи2
身份,шен1фен4
身高,шен1гао1
深厚,шен1хоу4
神话,шен2хуа4
神秘,шен2ми4
甚至,шен4чих4
失败,ши1баи4
失望,ши1уоан4
失业,ши1ые4
诗,ши1
诗人,ши1рен2
湿,ши1
实施,ши2ши1
实用,ши2ыонг4
食堂,ши2танг2
使劲,ши3йинн4
士兵,ши4бинг1
市区,ши4чу1
似的,си4деe
事物,ши4уоу4
事先,ши4xиан1
试卷,ши4юана4
是否,ши4фоу3
收回,шоу1хуи2
收获,шоу1хуо4
收益,шоу1ыи4
手工,шоу3гонг1
手里,шоу3ли3
手术,шоу3шу4
手套,шоу3тао4
守,шоу3
首,шоу3
售货员,шоу4хуо4ыуан2
叔叔,шу1шу1
舒适,шу1ши4
熟练,шу2лиан4
暑假,шу3йиа4
树林,шу4лин2
树叶,шу4ые4
数据,шу4ю4
数码,шу4ма3
刷,шуа1
刷牙,шуа1ыа2
刷子,шуа1зи3
帅,шуаи4
帅哥,шуаи4ге1
率先,шуа4xиан1
睡着,шуи4чао2
顺序,шун4xуу4
说不定,шуо1бу4динг4
说服,шуо1фу2
思考,сы1као3
似乎,сы4ху1
松,сонг1
松树,сонг1шу4
塑料,су4лиао4
塑料袋,су4лиао4даи4
酸,суан1
酸奶,суан1наи3
随手,суи2шоу3
缩短,су1дуан3
缩小,су1xиао3
台阶,таи2йие1
台上,таи2шанг4
躺,танг3
套餐,тао4цан1
特价,те4йиа4
特殊,те4шу1
特征,те4ченг1
提供,ти2гонг1
提醒,ти2xинн3
体操,ти3цао1
体检,ти3йиан3
体重,ти3чонг4
替,ти4
替代,ти4даи4
天真,тиан1чен1
填,тиан2
填空,тиан2конг4
挑,тиао1
挑选,тиао1xуанн3
调皮,диао2пи2
挑战,тиао3чан4
贴,тие1
停下,тинг2xиа4
挺,тинг3
通知书,тонг1чи1шу1
同情,тонг2чинг2
童话,тонг2хуа4
童年,тонг2ниан2
统计,тонг3йи4
统一,тонг3и1
痛快,тонг4куаи4
投,тоу2
投入,тоу2ру4
投诉,тоу2су4
投资,тоу2тзы1
透,тоу4
透明,тоу4минг2
图案,ту2ан4
途中,ту2чонг1
土地,ту3ди4
推迟,туи1чи2
推销,туи1xиао1
脱,ту1
袜子,уоа4зи3
外汇,уоаи4хуи4
外交官,уоаи4йиао1гуан1
外套,уоаи4тао4
弯,уоан1
晚点,уоан3диан3
万一,уоан4и1
王,уоан2
网络,уоанг3луо4
网址,уоанг3чи3
微笑,уоеи1xиао4
微信,уоеи1xинн4
围巾,уоеи2йин1
维持,уоеи2чи2
维护,уоеи2ху4
维修,уоеи2xиу1
尾巴,уоеи3ба1
未必,уоеи4би4
未来,уоеи4лаи2
位于,уоеи4ыу2
味儿,уоеи4рр2
喂,уоеи4
稳,уоен3
稳定,уоен3динг4
问候,уоен4хоу4
无,уо2
无法,уо2фа3
无聊,уо2лиао2
无论,уо2лун4
无数,уо2шу4
无所谓,уо2суо3уоеи4
无限,уо2xиан4
五颜六色,уоу3ыан2лиу4се4
误会,уоу4хуи4
西瓜,xи1гуа1
吸,xи1
吸管,xи1гуан3
吸收,xи1шоу1
吸烟,xи1ыан1
吸引,xи1ыин3
喜爱,xи3аи4
系列,xи4лие4
系统,xи4тонг3
细,xи4
细节,xи4йие2
细致,xи4чих4
下个月,xиа4ге4ыуе4
下降,xиа4йианг4
下楼,xиа4лоу2
夏季,xиа4йи4
鲜,xиан1
鲜花,xиан1хуа1
鲜明,xиан1минг2
咸,xиан2
显著,xиан3чу4
县,xиан4
限制,xиан4чих4
相处,xианг1чу3
相反,xианг1фан3
箱,xианг1
箱子,xианг1зи3
想念,xианг3ниан4
想象,xианг3xианг4
项,xианг4
项目,xианг4му4
相片,xианг4пиан1
消化,xиао1хуа4
销售,xиао1шоу4
小吃,xиао3чи1
小伙子,xиао3хуо3зи3
小型,xиао3xинг2
些,xие1
心理,xин1ли3
新郎,xин1ланг2
新娘,xин1ниан2
新鲜,xин1xиан1
新型,xин1xинг2
兴奋,xинг1фен4
形容,xинг2ронг2
形势,xинг2ши4
型,xинг2
型号,xинг2хао4
醒,xинн3
兴趣,xинг4чу4
性质,xинг4чих4
兄弟,xионг1ди4
胸部,xионг1бу4
修理,xиу1ли3
选择,xуанн3це2
学分,xуу2фен1
学年,xуу2ниан2
学时,xуу2ши2
学术,xуу2шу4
寻找,xунн2чао3
迅速,xунн4су4
牙,ыа2
牙刷,ыа2шуа1
亚运会,ыа4ыун4хуи4
呀,ыаa
延长,ыан2чанг2
延期,ыан2чи1
延续,ыан2xуу4
严,ыан2
严格,ыан2ге2
严重,ыан2чонг4
研究,ыан2йиу1
研究生,ыан2йиу1шенг1
研制,ыан2чих4
盐,ыан2
眼镜,ыан3йинг4
眼泪,ыан3леи4
演讲,ыан3йианг3
阳台,ыанг2таи2
养成,ыанг3ченг2
腰,ыао1
摇,ыао2
药物,ыао4уоу4
要,ыао4
业余,ые4ыу2
叶子,ые4зи3
医疗,и1лиао2
医学,и1xуу2
依靠,и1као4
依然,и1ран2
移,ыи2
移动,ыи2донг4
移民,ыи2мин2
遗产,ыи2чан3
遗传,ыи2чуан2
疑问,ыи2уоен4
以及,ыи3йи2
以内,ыи3неи4
义务,ыи4уоу4
议论,ыи4лун4
引,ыин3
引导,ыин3дао3
引进,ыин3йин4
引起,ыин3чи3
应,ыин1
英勇,ыин1ыонг3
营业,ыин2ые4
赢得,ыин2деe
影子,ыинг3зи3
勇敢,ыонг3ган3
勇气,ыонг3чи4
用途,ыонг4ту2
优良,ыо1лиан2
优美,ыо1меи3
优秀,ыо1xиу4
邮局,ыо2ю2
有趣,ыо3чу4
有限,ыо3xиан4
幼儿园,ыо4ер2ыуан2
于是,ыу2ши4
语法,ыу3фа3
语音,ыу3ыин1
玉,ыу4
玉米,ыу4ми3
预测,ыу4це4
预订,ыу4динг4
遇,ыу4
遇到,ыу4дао4
遇见,ыу4йиан4
原料,ыуан2лиао4
原则,ыуан2це2
圆,ыуан2
圆满,ыуан2ман3
约会,ыуе1хуи4
月底,ыуе4ди3
阅读,ыуе4ду2
运动会,ыун4донг4хуи4
运动员,ыун4донг4ыуан2
运气,ыун4ки4
运用,ыун4ыонг4
再三,цаи4сан1
在乎,цаи4ху1
在于,цаи4ыу2
赞成,цан4ченг2
赞赏,цан4шанг3
赞助,цан4чу4
造型,цао4xинг2
战斗,чан4доу4
战胜,чан4шенг4
战士,чан4ши4
战争,чан4ченг1
丈夫,чанг4фу1
招呼,чао1ху1
着火,чао2хуо3
着急,чао2йи2
召开,чао4каи1
针,чен1
针对,чен1дуи4
阵,чен4
争论,ченг1лун4
征服,ченг1фу2
征求,ченг1чиу2
政府,ченг4фу3
政治,ченг4чих4
之后,чи1хоу4
之间,чи1йиан1
之前,чи1чиан2
之一,чи1и1
支,чи1
植物,чи2уоу4
指挥,чи3хуи1
制订,чих4динг4
质量,чих4лиан4
治,чих4
治疗,чих4лиао2
智力,чих4ли4
智能,чих4ненг2
中介,чонг1йие4
种类,чонг3леи4
中奖,чонг4йианг3
种,чонг3
种植,чонг4чи2
重量,чонг4лиан4
逐步,чу2бу4
逐渐,чу2йиан4
主题,чу3ти2
主席,чу3xи2
祝福,чу4фу2
著名,чу4минг2
著作,чу4цзо4
抓紧,чуа1йин3
专心,чуан1xин1
转动,чуан4донг4
转告,чуан3гао4
转身,чуан3шен1
转弯,чуан3уоан1
转移,чуан3ыи2
装修,чуанг1xиу1
装置,чуанг1чих4
追求,чуи1чиу2
准时,чун3ши2
资料,тзы1лиао4
资源,тзы1ыуан2
自,тзы4
自信,тзы4xинн4
字母,тзы4му3
综合,цзнг1хе2
总共,цзнг3гонг4
总理,цзнг3ли3
总统,цзнг3тонг3
总之,цзнг3чи1
阻止,цу3чи3
嘴巴,цуи3ба1
最初,цуи4чу1
作出,цзо4чу1
作为,цзо4уоеи2
安慰,ан1уоеи4
岸,ан4
岸上,ан4шанг4
按摩,ан4мо2
拔,ба2
白酒,баи2йиу3
拜访,баи4фанг3
版,бан3
扮演,бан4ыан3
棒,банг4
包围,бао1уоеи2
包装,бао1чуанг1
保卫,бао3уоеи4
保养,бао3ыанг3
报答,бао4да2
报警,бао4йинг3
抱怨,бао4ыуан4
背包,беи1бао1
悲剧,беи1ю4
悲伤,беи1шанг1
北极,беи3йи2
被动,беи4донг4
辈,беи4
本人,бен3рен2
鼻子,би2зи3
比重,би3чонг4
彼此,би3цы3
必,би4
必需,би4xуу1
毕竟,би4йинг4
闭幕,би4му4
闭幕式,би4му4ши4
边境,биан1йинг4
编辑,биан1йи2
变动,биан4донг4
便利,биан4ли4
便条,биан4тиао2
便于,биан4ыу2
宾馆,бин1гуан3
饼,бинг3
饼干,бинг3ган1
病毒,бинг4ду2
玻璃,бо1ли2
博客,бо2ке4
博览会,бо2лан3хуи4
博士,бо2ши4
博物馆,бо2уоу4гуан3
薄弱,бо2руо4
补偿,бу3чанг2
补贴,бу3тие1
不曾,бу4ценг2
不敢当,бу4ган3данг1
不良,бу4лиан2
不免,бу4миан3
不能不,бу4ненг2бу4
不时,бу4ши2
不停,бу4тинг2
不许,бу4xуу3
不止,бу4чи3
不足,бу4цу2
部位,бу4уоеи4
猜,цаи1
猜测,цаи1це4
裁判,цаи2пан4
采购,цаи3гоу4
彩票,цаи3пиао4
餐馆,цан1гуан3
餐厅,цан1тинг1
餐饮,цан1ыин3
草原,цао3ыуан2
册,це4
层次,ценг2цы4
叉,ча1
叉子,ча1зи3
差别,ча1бие2
差距,ча1ю4
插,ча1
查询,ча2xунн2
拆,чаи1
拆除,чаи1чу2
产业,чан3ые4
长度,чанг2ду4
长寿,чанг2шоу4
肠,чанг2
尝,чанг2
尝试,чанг2ши4
厂长,чанг3чанг3
场面,чанг3миан4
倡导,чанг4дао3
超越,чао1ыуе4
车主,че1чу3
称,ченг1
称号,ченг1хао4
成本,ченг2бен3
成交,ченг2йиао1
成效,ченг2xиао4
成语,ченг2ыу3
承办,ченг2бан4
城里,ченг2ли3
乘,ченг2
乘车,ченг2че1
乘客,ченг2ке4
乘坐,ченг2цзо4
吃力,чи1ли4
池子,чи2зи3
迟,чи2
冲动,чонг1донг4
冲突,чонг1ту1
充足,чонг1цу2
愁,чоу2
丑,чоу3
臭,чоу4
出版,чу1бан3
出差,чу1ча1
出汗,чу1хан4
出于,чу1ыу2
初期,чу1чи1
除非,чу2феи1
除夕,чу2xи1
厨房,чу2фанг2
处罚,чу3фа2
处分,чу3фен4
处在,чу4цаи4
传达,чуан2да2
传递,чуан2ди4
传真,чуан2чен1
窗帘,чуанг1лиан2
闯,чуанг3
创立,чуанг4ли4
辞典,цы2диан3
辞职,цы2чи2
此后,цы3хоу4
此刻,цы3ке4
此时,цы3ши2
聪明,цонг1минг2
从而,цонг2ер2
从中,цонг2чонг1
脆,цуи4
存款,цун2куан3
寸,цун4
达成,да2ченг2
答,да2
答复,да2фу4
打扮,да3бан4
打包,да3бао1
打击,да3йи1
打架,да3йиа4
打扰,да3рао3
大胆,да4дан3
大纲,да4ганг1
大伙儿,да4хуо3рр2
大奖赛,да4йианг3саи4
大脑,да4нао3
大事,да4ши4
大厅,да4тинг1
大象,да4xианг4
大熊猫,да4xионг2мао1
大于,да4ыу2
大致,да4чих4
呆,даи1
待,даи4
代价,даи4йиа4
代理,даи4ли3
带有,даи4ыо3
贷款,даи4куан3
单一,дан1и1
胆,дан3
胆小,дан3xиао3
蛋糕,дан4гао1
当场,данг1чанг3
当代,данг1даи4
当年,данг1ниан2
当前,данг1чиан2
当选,данг1xуанн3
挡,данг3
到来,дао4лаи2
道德,дао4де2
得了,де2леe
得以,де2ыи3
等候,денг3хоу4
等级,денг3йи2
低于,ди1ыу2
地带,ди4даи4
地形,ди4xинг2
地震,ди4чен4
递,ди4
递给,ди4геи3
典礼,диан3ли3
点燃,диан3ран2
电池,диан4чи2
电饭锅,диан4фан4гуо1
电子版,диан4тзы3бан3
调动,диао4донг4
丢,диу1
动机,донг4йи1
动手,донг4шоу3
动态,донг4таи4
动员,донг4ыуан2
冻,донг4
洞,донг4
豆制品,доу4чих4пин3
毒,ду2
堆,дуи1
对立,дуи4ли4
对应,дуи4ыинг4
吨,дун1
朵,дуо3
躲,дуо3
耳朵,ер3дуо3
二维码,ер4уоеи2ма3
发布,фа1бу4
发觉,фа1юе2
发射,фа1ше4
发行,фа1xинг2
罚,фа2
罚款,фа2куан3
法规,фа3гуе1
法制,фа3чих4
繁荣,фан2ронг2
返回,фан3хуи2
防治,фанг2чих4
放大,фанг4да4
放弃,фанг4чи4
分成,фен1ченг2
分解,фен1йие3
分类,фен1леи4
分离,фен1ли2
分析,фен1xи1
分享,фен1xианг3
丰收,фенг1шоу1
风度,фенг1ду4
风光,фенг1гуанг1
封,фенг1
疯,фенг1
疯狂,фенг1куанг2
扶,фу2
服从,фу2цонг2
幅,фу2
幅度,фу2ду4
福利,фу2ли4
辅助,фу3чу4
负责人,фу4це2рен2
附件,фу4йиан4
改革,гаи3ге2
干脆,ган1цуи4
干扰,ган1рао3
干预,ган1ыу4
感想,ган3xианг3
钢笔,ганг1би3
钢琴,ганг1чин2
高大,гао1да4
高度,гао1ду4
高跟鞋,гао1ген1xие2
高温,гао1уоен1
高于,гао1ыу2
高原,гао1ыуан2
搞,гао3
搞好,гао3хао3
歌曲,ге1чу3
隔壁,ге2би4
个儿,ге4рр2
跟前,ген1чиан2
跟随,ген1суи2
更换,генг1хуан4
更新,генг1xин1
工艺,гонг1ыи4
工作日,гонг1цзо4ри4
公告,гонг1гао4
公认,гонг1рен4
公式,гонг1ши4
公正,гонг1ченг4
共计,гонг4йи4
共享,гонг4xианг3
沟,гоу1
沟通,гоу1тонг1
估计,гу1йи4
古老,гу3лао3
鼓,гу3
鼓励,гу3ли4
鼓掌,гу3чанг3
顾问,гу4уоен4
怪,гуаи4
关怀,гуан1хуаи2
关键,гуан1йиан4
冠军,гуан4юн1
光荣,гуанг1ронг2
光线,гуанг1xиан4
广泛,гуанг3фан4
规划,гуе1хуа4
鬼,гуе3
柜子,гуе4зи3
滚,гун3
锅,гуо1
国籍,гуо2йи2
国民,гуо2мин2
过度,гуо4ду4
过敏,гуо4мин3
过于,гуо4ыу2
害,хаи4
汗,хан4
好运,хао3ыун4
号召,хао4чао4
合并,хе2бинг4
合成,хе2ченг2
盒,хе2
盒饭,хе2фан4
盒子,хе2зи3
贺卡,хе4ка3
恨,хен4
猴,хоу2
后悔,хоу4хуи3
胡子,ху2зи3
虎,ху3
华语,хуа2ыу3
滑,хуа2
化石,хуа4ши2
划分,хуа4фен1
画面,хуа4миан4
环节,хуан2йие2
慌,хуанг1
慌忙,хуанг1манг2
灰色,хуи1се4
恢复,хуи1фу4
回报,хуи2бао4
回避,хуи2би4
回顾,хуи2гу4
回收,хуи2шоу1
回头,хуи2тоу2
回信,хуи2xинн4
回忆,хуи2ыи4
汇款,хуи4куан3
会谈,хуи4тан2
活力,хуо2ли4
火柴,хуо3чаи2
火腿,хуо3туи3
火灾,хуо3цаи1
或是,хуо4ши4
机器人,йи1чи4рен2
机制,йи1чих4
肌肉,йи1роу4
基地,йи1ди4
基金,йи1йин1
即使,йи2ши3
集团,йи2туан2
挤,йи3
记忆,йи4ыи4
技能,йи4ненг2
继承,йи4ченг2
加热,йиа1ре4
加上,йиа1шанг4
加速,йиа1су4
加以,йиа1ыи3
夹,йиа1
甲,йиа3
价,йиа4
驾驶,йиа4ши3
驾照,йиа4чао4
坚定,йиан1динг4
肩,йиан1
艰苦,йиан1ку3
艰难,йиан1на2
检验,йиан3ыан4
减轻,йиан3чинг1
剪,йиан3
剪刀,йиан3дао1
剪子,йиан3зи3
间接,йиан4йие1
建造,йиан4цао4
建筑,йиан4чу4
健全,йиан4чуан2
键,йиан4
键盘,йиан4пан2
将,йианг1
将要,йианг1ыао4
奖励,йианг3ли4
交代,йиао1даи4
郊区,йиао1чу1
胶带,xиао1даи4
胶水,xиао1шуи3
脚步,йиао3бу4
接触,йие1хун4
接连,йие1лиан2
解除,йие3чу2
解放,йие3фанг4
戒,йие4
届,йие4
今日,йин1ри4
尽管,йин3гуан3
紧紧,йин3йин3
尽可能,йин4ке3ненг2
进化,йин4хуа4
近来,йин4лаи2
经费,йинг1феи4
景象,йинг3xианг4
警告,йинг3гао4
竞赛,йинг4саи4
竞争,йинг4ченг1
酒鬼,йиу3гуе3
救灾,йиу4цаи1
居然,ю1ран2
局面,ю2миан4
局长,ю2чанг3
举动,ю3донг4
拒绝,ю4юе2
俱乐部,ю4ле4бу4
剧本,ю4бен3
决不,юе2бу4
绝望,юе2уоан4
军人,юн1рен2
开幕,каи1му4
开幕式,каи1му4ши4
看成,кан4ченг2
看出,кан4чу1
看待,кан4даи4
考核,као3хе2
烤肉,као3роу4
烤鸭,као3ыа1
靠近,као4йин4
颗,ке1
可,ке3
可怜,ке3лиан2
可惜,ке3xи1
渴望,ке3уоан4
刻,ке4
客户,ке4ху4
客厅,ке4тинг1
课题,ке4ти2
肯定,кен3динг4
空中,конг1чонг1
控制,конг4чих4
口号,коу3хао4
库,ку4
快活,куаи4хуо2
宽度,куан1ду4
狂,куанг2
亏,ку1
困扰,кун4рао3
落,ла4
来信,лаи2xинн4
烂,лан4
朗读,ланг3ду2
浪漫,ланг4ман4
劳动,лао2донг4
梨,ли2
礼,ли3
礼拜,ли3баи4
礼貌,ли3мао4
厉害,ли4хаи4
立,ли4
立场,ли4чанг3
利润,ли4рун4
例外,ли4уоаи4
连接,лиан2йие1
联络,лиан2луо4
联想,лиан2xианг3
脸盆,лиан3пен2
脸色,лиан3се4
恋爱,лиан4аи4
两岸,лиан3ан4
邻居,лин2ю1
铃,линг2
铃声,линг2шенг1
领带,линг3даи4
令,линг4
流动,лиу2донг4
流通,лиу2тонг1
漏,лоу4
漏洞,лоу4донг4
逻辑,лу2йи2
落实,луо4ши2
码头,ма3тоу2
骂,ма4
买卖,маи3маи4
漫长,ман4чанг2
漫画,ман4хуа4
毛笔,мао2би3
矛盾,мао2дун4
冒,мао4
贸易,мао4ыи4
煤,меи2
煤气,меи2чи4
门诊,мен2чен3
迷人,ми2рен2
迷信,ми2xинн4
面貌,миан4мао4
面子,миан4зи3
秒,миао3
敏感,мин3ган3
明亮,минг2лиан4
明明,минг2минг2
命令,минг4линг4
模范,мо2фан4
模仿,мо2фанг3
模糊,мо2ху2
模式,мо2ши4
摩擦,мо2ца1
摩托,мо2ту1
模样,мо2ыанг4
目光,му4гуанг1
耐心,наи4xин1
男性,нан2xинг4
南北,нан2беи3
南极,нан2йи2
难得,нан2деe
难以,на2ыи3
脑子,нао3зи3
内在,неи4цаи4
能量,ненг2лиан4
年度,ниан2ду4
年龄,ниан2линг2
年前,ниан2чиан2
牛,ниу2
牛仔裤,ниу2цз3ку4
农产品,нонг2чан3пин3
暖,нуан3
偶尔,оу3ер3
偶然,оу3ран2
偶像,оу3xианг4
拍摄,паи1ше4
排除,паи2чу2
旁,панг2
陪,пеи2
赔,пеи2
赔偿,пеи2чанг2
配备,пеи4беи4
配套,пеи4тао4
喷,пен1
盆,пен2
披,пи1
皮肤,пи2фу1
皮鞋,пи2xие2
脾气,пи2ки4
骗,пиан4
骗子,пиан4зи3
拼,пин1
频道,пин2дао4
频繁,пин2фан2
品,пин3
品,пин3
品种,пин3чонг3
平坦,пинг2тан3
平原,пинг2ыуан2
评估,пинг2гу1
评论,пинг2лун4
凭,пинг2
泼,по1
葡萄,пу2тао2
期望,чи1уоан4
齐全,чи2чуан2
其,чи2
启动,чи3донг4
启发,чи3фа1
启事,чи3ши4
起到,чи3дао4
起码,чи3ма3
气体,чи4ти3
气象,чи4xианг4
签,чиан1
签订,чиан1динг4
签名,чиан1минг2
签约,чиан1ыуе1
签证,чиан1ченг4
签字,чиан1тзы4
前景,чиан2йинг3
前提,чиан2ти2
欠,чиан4
枪,чиан1
强度,чиан2ду4
墙壁,чиан2би4
抢救,чиан3йиу4
强迫,чиан3по4
悄悄,чиао1чиао1
敲,чиао1
敲门,чиао1мен2
瞧,чиао2
琴,чин2
勤奋,чин2фен4
青,чинг1
清晨,чинг1чен2
清理,чинг1ли3
情节,чинг2йие2
晴朗,чинг2ланг3
区域,чу1ыу4
全都,чуан2ду1
全世界,чуан2ши4йие4
泉,чуан2
劝,чуан4
缺乏,чуе1фа2
确立,чуе4ли4
群体,чун2ти3
群众,чун2чонг4
染,ран3
绕,рао4
热量,ре4лиан4
热门,ре4мен2
人间,рен2йиан1
人力,рен2ли4
人士,рен2ши4
人物,рен2уоу4
忍,рен3
忍不住,рен3бу2чу4
忍受,рен3шоу4
认,рен4
认定,рен4динг4
扔,ренг1
仍旧,ренг2йиу4
如此,ру2цы3
如同,ру2тонг2
如下,ру2xиа4
入门,ру4мен2
软,руан3
软件,руан3йиан4
洒,са3
散,сан4
散文,сан3уоен2
杀,ша1
杀毒,ша1ду2
沙漠,ша1мо4
傻,ша3
山区,шан1чу1
扇,шан4
扇,шан4
扇子,шан4зи3
商标,шанг1биао1
上级,шанг4йи2
上下,шанг4xиа4
上涨,шанг4чанг3
稍,шао1
稍微,шао1уоеи1
蛇,ше2
舍不得,ше3бу4де2
舍得,ше4деe
设想,ше4xианг3
社,ше4
社区,ше4чу1
射,ше4
射击,ше4йи1
摄像,ше4xианг4
摄像机,ше4xианг4йи1
摄影,ше4ыинг3
摄影师,ше4ыинг3ши1
伸,шен1
深处,шен1чу4
深度,шен1ду4
神,шен2
神经,шен2йинг1
神奇,шен2чи2
神情,шен2чинг2
升高,шенг1гао1
生成,шенг1ченг2
声,шенг1
胜负,шенг4фу4
剩,шенг4
剩下,шенг4xиа4
失误,ши1уоу4
师傅,ши1фу4
诗歌,ши1ге1
十足,ши2цу2
时常,ши2чанг2
时光,ши2гуанг1
时机,ши2йи1
时事,ши2ши4
实惠,ши2хуи4
拾,ши2
使得,ши3деe
示范,ши4фан4
式,ши4
势力,ши4ли4
试图,ши4ту2
视频,ши4пин2
视为,ши4уоеи4
收购,шоу1гоу4
收集,шоу1йи2
收拾,шоу1ши2
手段,шоу3дуан4
手法,шоу3фа3
寿司,шоу4сы1
受灾,шоу4цаи1
瘦,шоу4
书法,шу1фа3
书柜,шу1гуе4
书桌,шу1чо1
输出,шу1чу1
蔬菜,шу1цаи4
熟悉,шу2xи1
鼠,шу3
鼠标,шу3биао1
数目,шу4му4
摔,шуаи1
摔倒,шуаи1дао3
率领,луа4линг3
双手,шуанг1шоу3
水产品,шуи3чан3пин3
水分,шуи3фен4
水库,шуи3ку4
水灾,шуи3цаи1
睡眠,шуи4миан2
说法,шуо1фа3
硕士,шуо4ши4
私人,сы1рен2
思维,сы1уоеи2
四周,сы4чоу1
搜,соу1
搜索,соу1суо3
宿舍,су4ше4
酸甜苦辣,суан1тиан2ку3ла4
随后,суи2хоу4
随意,суи2ыи4
随着,суи2жеe
岁月,суи4ыуе4
碎,суи4
损害,сун3хаи4
损失,сун3ши1
所在,суо3цаи4
锁,суо3
台风,таи2фенг1
抬,таи2
抬头,таи2тоу2
太空,таи4конг1
弹,дан4
逃,тао2
逃跑,тао2пао3
逃走,тао2цоу3
桃,тао2
桃花,тао2хуа1
桃树,тао2шу4
讨厌,тао3ыан4
特定,те4динг4
特性,те4xинг4
特有,те4ыо3
提倡,ти2чанг4
提起,ти2чи3
提示,ти2ши4
题材,ти2цаи2
体积,ти3йи1
体力,ти3ли4
天才,тиан1цаи2
天然气,тиан1ран2чи4
天文,тиан1уоен2
调节,диао2йие2
调解,диао2йие3
厅,тинг1
停留,тинг2лиу2
通用,тонг1ыонг4
偷,тоу1
偷偷,тоу1тоу1
突破,ту1по4
土豆,ту3доу4
吐,ту3
吐,ту3
兔,ту4
团长,туан2чанг3
推行,туи1xинг2
脱离,ту1ли2
外界,уоаи4йие4
完了,уоан2леe
微博,уоеи1бо2
为难,уоеи2на2
为期,уоеи2чи1
为止,уоеи2чи3
为主,уоеи2чу3
违法,уоеи2фа3
违反,уоеи2фан3
违规,уоеи2гуе1
围绕,уоеи2рао4
唯一,уоеи2и1
委托,уоеи3ту1
卫星,уоеи4xинг1
胃,уоеи4
慰问,уоеи4уоен4
温和,уоен1хе2
文艺,уоен2ыи4
卧室,уоо4ши4
握,уоо4
污染,уо1ран3
污水,уо1шуи3
屋,уо1
无奈,уо2наи4
无疑,уо2ыи2
舞,уоу3
物价,уоу4йиа4
物业,уоу4ые4
物质,уоу4чих4
误解,уоу4йие3
西红柿,xи1хонг2ши4
西装,xи1чуанг1
喜剧,xи3ю4
戏,xи4
戏剧,xи4ю4
吓,xиа4
先后,xиан1хоу4
先前,xиан1чиан2
鲜艳,xиан1ыан4
闲,xиан2
显,xиан3
现有,xиан4ыо3
现状,xиан4чуанг4
线索,xиан4суо3
献,xиан4
乡,xианг1
乡村,xианг1цун1
相等,xианг1денг3
相应,xианг1ыинг4
香肠,xианг1чанг2
详细,xианг2xи4
享受,xианг3шоу4
向导,xианг4дао3
向前,xианг4чиан2
向上,xианг4шанг4
相声,xианг4шенг1
象征,xианг4ченг1
消除,xиао1чу2
消毒,xиао1ду2
消防,xиао1фанг2
消费者,xиао1феи4че3
消极,xиао1йи2
歇,xие1
协议,xие2ыи4
协议书,xие2ыи4шу1
斜,xие2
心态,xин1таи4
心疼,xин1тенг2
辛苦,xин1ку3
欣赏,xин1шанг3
信念,xинн4ниан4
信箱,xинн4xианг1
行驶,xинг2ши3
形态,xинг2таи4
性能,xинг4ненг2
雄伟,xионг2уоеи3
熊,xионг2
休闲,xиу1xиан2
修复,xиу1фу4
修建,xиу1йиан4
修养,xиу1ыанг3
虚心,xуу1xин1
许可,xуу3ке3
选修,xуанн3xиу1
学科,xуу2ке1
学位,xуу2уоеи4
学者,xуу2че3
寻求,xунн2чиу2
询问,xунн2уоен4
押金,ыа1йин1
鸭子,ыа1зи3
亚军,ыа4юн1
延伸,ыан2шен1
严厉,ыан2ли4
严肃,ыан2су4
言语,ыан2ыу3
研究所,ыан2йиу1суо3
眼光,ыан3гуанг1
邀请,ыао1чинг3
摇头,ыао2тоу2
咬,ыао3
也好,ые3хао3
业务,ые4уоу4
夜间,ые4йиан1
一流,и4лиу2
依法,и1фа3
依旧,и1йиу4
依据,и1ю4
依照,и1чао4
乙,ыи3
以便,ыи3биан4
以往,ыи3уоанг3
意识,ыи4ши2
意味着,ыи4уоеи4жеe
意志,ыи4чих4
因而,ыин1ер2
饮料,ыин3лиао4
饮食,ыин3ши2
印刷,ыин4шуа1
应,ыин1
硬,ыинг4
硬件,ыинг4йиан4
拥抱,ыонг1бао4
拥有,ыонг1ыо3
用户,ыонг4ху4
用来,ыонг4лаи2
用于,ыонг4ыу2
优惠,ыо1хуи4
优先,ыо1xиан1
幽默,ыо1мо4
尤其,ыо2чи2
由此,ыо2цы3
犹豫,ыо2ыу4
游泳池,ыо2ыонг3чи2
友谊,ыо3ыи4
有毒,ыо3ду2
有害,ыо3хаи4
有力,ыо3ли4
有利于,ыо3ли4ыу2
有着,ыо3жеe
羽毛球,ыу3мао2чиу2
羽绒服,ыу3ронг2фу2
雨水,ыу3шуи3
预备,ыу4беи4
预期,ыу4чи1
园林,ыуан2лин2
原理,ыуан2ли3
原始,ыуан2ши3
原先,ыуан2xиан1
原有,ыуан2ыо3
远处,ыуан3чу4
怨,ыуан4
愿,ыуан4
约束,ыуе1шу4
月饼,ыуе4бинг3
月球,ыуе4чиу2
阅览室,ыуе4лан3ши4
运,ыун4
运行,ыун4xинг2
灾,цаи1
灾害,цаи1хаи4
灾难,цаи1нан4
灾区,цаи1чу1
再次,цаи4цы4
再也,цаи4ые3
在场,цаи4чанг3
在内,цаи4неи4
暂时,цан4ши2
暂停,цан4тинг2
糟,цао1
糟糕,цао1гао1
早期,цао3чи1
增,ценг1
增产,ценг1чан3
增大,ценг1да4
增多,ценг1ду1
增强,ценг1чиан2
赠,ценг4
赠送,ценг4сонг4
摘,чаи1
展览,чан3лан3
展示,чан3ши4
展现,чан3xиан4
占领,чан4линг3
占有,чан4ыо3
涨,чанг3
涨价,чанг3йиа4
掌握,чанг3уоо4
招生,чао1шенг1
招手,чао1шоу3
珍贵,чен1гуе4
珍惜,чен1xи1
珍珠,чен1чу1
真诚,чен1ченг2
真理,чен1ли3
真相,чен1xианг4
诊断,чен3дуан4
振动,чен4донг4
震惊,чен4линг1
争议,ченг1ыи4
正版,ченг4бан3
正规,ченг4гуе1
正如,ченг4ру2
正义,ченг4ыи4
证实,ченг4ши2
证书,ченг4шу1
挣,ченг1
挣钱,ченг4чиан2
之内,чи1неи4
之外,чи1уоаи4
之下,чи1xиа4
之中,чи1чонг1
支出,чи1чу1
支配,чи1пеи4
执行,чи2xинг2
直线,чи2xиан4
值班,чи2бан1
职能,чи2ненг2
职位,чи2уоеи4
职务,чи2уоу4
只见,чи1йиан4
指标,чи3биао1
指甲,чи3йиа3
指示,чи3ши4
指责,чи3це2
至,чих4
制成,чих4ченг2
制约,чих4ыуе1
治安,чих4ан1
治理,чих4ли3
中断,чонг1дуан4
中秋节,чонг1чиу1йие2
中央,чонг1ыанг1
中药,чонг1ыао4
终点,чонг1диан3
终身,чонг1шен1
终止,чонг1чи3
中毒,чонг4ду2
众多,чонг4ду1
周期,чоу1чи1
竹子,чу2зи3
主办,чу3бан4
主导,чу3дао3
主观,чу3гуан1
主管,чу3гуан3
主体,чу3ти3
助理,чу4ли3
助手,чу4шоу3
注册,чу4це4
注射,чу4ше4
注视,чу4ши4
注重,чу4чонг4
祝贺,чу4хе4
专辑,чуан1йи2
专利,чуан1ли4
转化,чуан3хуа4
转换,чуан3хуан4
转让,чуан3ран4
转向,чуан3xианг4
装饰,чуанг1ши4
撞,чуанг4
资本,тзы1бен3
资产,тзы1чан3
资助,тзы1чу4
子弹,тзы3дан4
仔细,тзы3xи4
紫,тзы3
自豪,тзы4хао2
自杀,тзы4ша1
自愿,тзы4ыуан4
总裁,цзнг3цаи2
总数,цзнг3шу4
总算,цзнг3суан4
总体,цзнг3ти3
阻碍,цу3аи4
组织,цу3чи1
醉,цуи4
尊敬,цун1йинг4
尊重,цун1чонг4
挨着,аи1жеe
挨,аи1
挨打,аи2да3
安检,ан1йиан3
罢工,ба4гонг1
罢了,ба4леe
白领,баи2линг3
百分点,баи3фен1диан3
办公,бан4гонг1
办事处,бан4ши4чу4
办学,бан4xуу2
半决赛,бан4юе2саи4
傍晚,банг4уоан3
保健,бао3йиан4
报刊,бао4кан1
报考,бао4као3
抱歉,бао4чиан4
暴风雨,бао4фенг1ыу3
暴力,бао4ли4
暴露,бао4лу4
暴雨,бао4ыу3
爆,бао4
爆发,бао4фа1
爆炸,бао4ча4
悲惨,беи1цан3
背心,беи4xин1
被告,беи4гао4
奔跑,бен1пао3
本,бен3
本地,бен3ди4
本期,бен3чи1
本身,бен3шен1
本土,бен3ту3
本质,бен3чих4
逼,би1
笔试,би3ши4
必将,би4йианг1
必修,би4xиу1
闭,би4
边缘,биан1ыуан2
编制,биан1чих4
变更,биан4генг1
变换,биан4хуан4
变形,биан4xинг2
便,биан4
便是,биан4ши4
遍地,биан4ди4
病房,бинг4фанг2
病情,бинг4чинг2
拨打,бо1да3
波动,бо1донг4
波浪,бо1ланг4
播,бо1
补考,бу3као3
补课,бу3ке4
补习,бу3xи2
补助,бу3чу4
捕,бу3
不成,бу4ченг2
不禁,бу4йин1
不仅仅,бу4йин3йин3
不通,бу4тонг1
不怎么,бу4цен3меe
不怎么样,бу4цен3меeыанг4
不值,бу4чи2
布满,бу4ман3
部队,бу4дуи4
采纳,цаи3на4
踩,цаи3
参赛,цан1саи4
参展,цан1чан3
餐,цан1
残疾,цан2йи2
残疾人,цан2йи2рен2
残酷,цан2ку4
惨,цан3
仓库,цанг1ку4
操纵,цао1цзнг4
厕所,це4суо3
侧,це4
测定,це4динг4
策划,це4хуа4
层面,ценг2миан4
差异,ча1ыи4
查出,ча2чу1
查看,ча2кан4
拆迁,чаи1чиан1
产量,чан3лиан4
昌盛,чанг1шенг4
长短,чанг2дуан3
长假,чанг2йиа4
长久,чанг2йиу3
长跑,чанг2пао3
长远,чанг2ыуан3
常规,чанг2гуе1
常年,чанг2ниан2
厂商,чанг3шанг1
场地,чанг3ди4
场馆,чанг3гуан3
场景,чанг3йинг3
畅通,чанг4тонг1
超,чао1
超出,чао1чу1
炒,чао3
炒股,чао3гу3
炒作,чао3цзо4
车号,че1хао4
车牌,че1паи2
车展,че1чан3
撤离,че4ли2
撤销,че4xиао1
撑,ченг1
成,ченг2
成分,ченг2фен4
成品,ченг2пин3
承诺,ченг2нуо4
城区,ченг2чу1
城乡,ченг2xианг1
城镇,ченг2чен4
持有,чи2ыо3
冲击,чонг1йи1
重建,чонг2йиан4
重组,чонг2цу3
崇拜,чонг2баи4
宠物,чонг3уоу4
冲,чонг1
出场,чу1чанг3
出动,чу1донг4
出访,чу1фанг3
出路,чу1лу4
出面,чу1миан4
出名,чу1минг2
出入,чу1ру4
出事,чу1ши4
出台,чу1таи2
出行,чу1xинг2
初等,чу1денг3
除,чу2
厨师,чу2ши1
储存,чу3цун2
处处,чу3чу4
处长,чу4чанг3
传出,чуан2чу1
传媒,чуан2меи2
传输,чуан2шу1
传言,чуан2ыан2
船员,чуан2ыуан2
船长,чуан2чанг3
船只,чуан2чи1
串,чуан4
窗口,чуанг1коу3
创办,чуанг4бан4
创建,чуанг4йиан4
创意,чуанг4ыи4
此处,цы3чу4
此次,цы3цы4
此前,цы3чиан2
此事,цы3ши4
此致,цы3чих4
次数,цы4шу4
从不,цонг2бу4
从没,цонг2меи2
醋,цу4
村庄,цун1чуанг1
错过,цуо4гуо4
搭,да1
搭档,да1данг4
搭配,да1пеи4
打动,да3донг4
打断,да3дуан4
打发,да3фа1
打官司,да3гуан1си1
打牌,да3паи2
打印机,да3ыин4йи1
打造,да3цао4
大道,да4дао4
大街,да4йие1
大力,да4ли4
大米,да4ми3
大批,да4пи1
大赛,да4саи4
大师,да4ши1
大使,да4ши3
待会儿,даи4хуи4ррr
担忧,дан1ыо1
单打,дан1да3
诞生,дан4шенг1
党,данг3
当,данг1
当天,данг4тиан1
当作,данг4цзо4
档案,данг4ан4
岛,дао3
到期,дао4чи1
盗版,дао4бан3
道教,дао4йиао4
道歉,дао4чиан4
低头,ди1тоу2
低温,ди1уоен1
滴,ди1
抵达,ди3да2
抵抗,ди3канг4
地板,ди4бан3
地名,ди4минг2
地下室,ди4xиа4ши4
电车,диан4че1
电动,диан4донг4
电力,диан4ли4
电器,диан4чи4
吊,диао4
调研,диао4ыан2
跌,дие1
定价,динг4йиа4
定时,динг4ши2
定位,динг4уоеи4
动画,донг4хуа4
斗争,доу4ченг1
都市,ду1ши4
毒品,ду2пин3
赌,ду3
赌博,ду3бо2
渡,ду4
端,дуан1
短片,дуан3пиан4
对抗,дуи4канг4
对外,дуи4уоаи4
蹲,дун1
多半,ду1бан4
多方面,ду1фанг1миан4
多媒体,ду1меи2ти3
夺,дуо2
夺取,дуо2чу3
恩人,ен1рен2
儿科,ер2ке1
发病,фа1бинг4
发电,фа1диан4
发放,фа1фанг4
发怒,фа1ну4
发起,фа1чи3
发言人,фа1ыан2рен2
发炎,фа1ыан2
法庭,фа3тинг2
法语,фа3ыу3
番,фан1
番茄,фан1чие2
凡是,фан2ши4
繁殖,фан2чи2
反抗,фан3канг4
反问,фан3уоен4
反响,фан3xианг3
犯,фан4
犯规,фан4гуе1
犯罪,фан4цуи4
防范,фанг2фан4
防守,фанг2шоу3
房价,фанг2йиа4
仿佛,фанг3фо2
飞船,феи1чуан2
飞行员,феи1xинг2ыуан2
肺,феи4
分工,фен1гонг1
分裂,фен1лие4
愤怒,фен4ну4
风暴,фенг1бао4
峰会,фенг1хуи4
奉献,фенг4xиан4
佛,фо2
佛教,фо2йиао4
服,фу2
浮,фу2
父子,фу4тзы3
负,фу4
复苏,фу4су1
副,фу4
副,фу4
富人,фу4рен2
富有,фу4ыо3
改装,гаи3чуанг1
干涉,ган1ше4
肝,ган1
杆,ган1
赶忙,ган3манг2
赶上,ган3шанг4
敢于,ган3ыу2
感人,ган3рен2
刚好,ганг1хао3
岗位,ганг3уоеи4
港口,ганг3коу3
高层,гао1ценг2
高档,гао1данг4
高等,гао1денг3
高峰,гао1фенг1
高考,гао1као3
高科技,гао1ке1йи4
高手,гао1шоу3
稿子,гао3зи3
歌唱,ге1чанг4
歌词,ге1цы2
歌星,ге1xинг1
革新,ге2xин1
更是,генг4ши4
工商,гонг1шанг1
公,гонг1
公安,гонг1ан1
公鸡,гонг1йи1
公众,гонг1чонг4
公主,гонг1чу3
攻击,гонг1йи1
供给,гонг1гии3
宫,гонг1
巩固,гонг3гу4
贡献,гонг4xиан4
构建,гоу4йиан4
孤独,гу1ду2
孤儿,гу1ер2
姑姑,гу1гу1
古典,гу3диан3
股,гу3
股东,гу3донг1
股票,гу3пиао4
故障,гу4чанг4
顾,гу4
刮,гуа1
拐,гуаи3
关爱,гуан1аи4
关联,гуан1лиан2
观光,гуан1гуанг1
官司,гуан1си1
管道,гуан3дао4
光辉,гуанг1хуи1
广阔,гуанг3куо4
轨道,гуе3дао4
跪,гуе4
国产,гуо2чан3
国歌,гуо2ге1
国会,гуо2хуи4
国旗,гуо2чи2
国王,гуо2уоан2
果酱,гуо3йианг4
果树,гуо3шу4
过渡,гуо4ду4
过后,гуо4хоу4
过时,гуо4ши2
海报,хаи3бао4
海底,хаи3ди3
海军,хаи3юн1
海浪,хаи3ланг4
海外,хаи3уоаи4
海湾,хаи3уоан1
海洋,хаи3ыанг2
好容易,хао3ронг2ыи4
好似,хао3сы4
好转,хао3чуан3
合约,хе2ыуе1
和谐,хе2xие2
核心,хе2xин1
黑夜,хеи1ые4
很难说,хен3нан2
狠,хен3
横,хенг2
衡量,хенг2лиан2
宏大,хонг2да4
洪水,хонг2шуи3
壶,ху2
互动,ху4донг4
户外,ху4уоаи4
护,ху4
花费,хуа1феи4
花瓶,хуа1пинг2
花生,хуа1шенг1
化解,хуа4йие3
幻想,хуан4xианг3
患者,хуан4че3
皇帝,хуанг2ди4
回应,хуи2ыинг4
毁,хуи3
会见,хуи4йиан4
会长,хуи4чанг3
绘画,хуи4хуа4
昏,хун1
混合,хун4хе2
混乱,хун4луан4
活跃,хуо2ыуе4
火箭,хуо3йиан4
机动车,йи1донг4че1
机关,йи1гуан1
机械,йи1xие4
基督教,йи1ду1йиао4
激情,йи1чинг2
吉利,йи2ли4
吉祥,йи2xианг2
极端,йи2дуан1
急救,йи2йиу4
疾病,йи2бинг4
集,йи2
给予,гии3ыу3
加盟,йиа1менг2
家电,йиа1диан4
家园,йиа1ыуан2
嘉宾,йиа1бин1
假日,йиа4ри4
尖,йиан1
监测,йиан1це4
监督,йиан1ду1
捡,йиан3
简介,йиан3йие4
剑,йиан4
鉴定,йиан4динг4
箭,йиан4
将军,йианг1юн1
讲课,йианг3ке4
酱,йианг4
酱油,йианг4ыо2
骄傲,йиао1ао4
焦点,йиао1диан3
脚印,йиао3ыин4
觉,юиа2
教堂,йиао4танг2
教育部,йиао4ыу4бу4
接收,йие1шоу1
揭,йие1
街头,йие1тоу2
节,йие2
节假日,йие2йиа4ри4
节能,йие2ненг2
节奏,йие2цоу4
杰出,йие2чу1
截止,йие2чи3
截至,йие2чих4
解说,йие3шуо1
界,йие4
界,йие4
借鉴,йие4йиан4
金额,йин1е2
金钱,йин1чиан2
金融,йин1ронг2
尽,йин3
进攻,йин4гонг1
近日,йин4ри4
近视,йин4ши4
惊人,линг1рен2
惊喜,линг1xи3
精,йинг1
精美,йинг1меи3
精品,йинг1пин3
井,йинг3
景,йинг3
景点,йинг3диан3
净,йинг4
纠纷,йиу1фен1
纠正,йиу1ченг4
酒水,йиу3шуи3
救命,йиу4минг4
救援,йиу4ыуан2
救助,йиу4чу4
就是说,йиу4ши4шуо1
就算,йиу4суан4
局,ю2
剧,ю4
据,ю4
捐,юана1
捐款,юана1куан3
捐赠,юана1ценг4
捐助,юана1чу4
决策,юе2це4
觉悟,юе2уоу4
绝,юе2
绝大多数,юе2да4ду1шу4
军队,юн1дуи4
军舰,юн1йиан4
军事,юн1ши4
开创,каи1чуанг4
开关,каи1гуан1
开设,каи1ше4
开通,каи1тонг1
开头,каи1тоу2
开夜车,каи1ые4че1
看,кан4
看管,кан1гуан3
看得起,кан4деeчи3
看作,кан4цзо4
康复,канг1фу4
抗议,канг4ыи4
考场,као3чанг3
考题,као3ти2
科研,ке1ыан2
客车,ке4че1
肯,кен3
空军,конг1юн1
口试,коу3ши4
扣,коу4
酷,ку4
跨,куа4
快车,куаи4че1
宽阔,куан1куо4
矿,куанг4
阔,куо4
来往,лаи2уоанг3
赖,лаи4
栏目,лан2му4
蓝领,лан2линг3
蓝天,лан2тиан1
懒,лан3
牢,лао2
老乡,лао3xианг1
冷气,ленг3чи4
冷水,ленг3шуи3
礼堂,ли3танг2
理,ли3
理财,ли3цаи2
理智,ли3чих4
力,ли4
利,ли4
联盟,лиан2менг2
联赛,лиан2саи4
联手,лиан2шоу3
凉鞋,лиан2xие2
两侧,лиан3це4
两手,лиан3шоу3
聊,лиао2
聊天儿,лиао2тиан1рр2
料,лиао4
料,лиао4
裂,лие4
灵活,линг2хуо2
领取,линг3чу3
领袖,линг3xиу4
另,линг4
留言,лиу2ыан2
流感,лиу2ган3
楼道,лоу2дао4
楼房,лоу2фанг2
露,лу4
陆军,лу4юн1
录像,лу4xианг4
录音机,лу4ыин1йи1
路过,лу4гуо4
露,лу4
马车,ма3че1
埋,маи2
馒头,ман2тоуu
慢车,ман4че1
盲人,манг2рен2
梅花,меи2хуа1
美容,меи3ронг2
蒙,менг2
猛,менг3
棉,миан2
面对面,миан4дуи4миан4
面向,миан4xианг4
妙,миао4
灭,мие4
民歌,мин2ге1
民工,мин2гонг1
民警,мин2йинг3
民意,мин2ыи4
民主,мин2чу3
名额,минг2е2
名胜,минг2шенг4
名义,минг2ыи4
名誉,минг2ыу4
明日,минг2ри4
命,минг4
膜,мо2
磨,мо2
没收,мои4шоу1
墨水,мо4шуи3
母,му3
母鸡,му3йи1
母子,му3тзы3
墓,му4
拿走,на2цоу3
奶粉,наи3фен3
奶牛,наи3ниу2
难忘,нан2уоан4
内地,неи4ди4
内外,неи4уоаи4
内衣,неи4и1
能否,ненг2фоу3
泥,ни2
扭,ниу3
排行榜,паи2хинг2банг3
派出,паи4чу1
判,пан4
盼望,пан4уоан4
陪同,пеи2тонг2
配置,пеи4чих4
皮球,пи2чиу2
偏,пиан1
贫困,пин2кун4
品牌,пин3паи2
聘请,пин4чинг3
平凡,пинг2фан2
平方米,пинг2фанг1ми3
平衡,пинг2хенг2
平台,пинг2таи2
评,пинг2
评选,пинг2xуанн3
屏幕,пинг2му4
坡,по1
扑,пу1
铺,пу4
欺负,чи1фу4
奇妙,чи2миао4
企图,чи3ту2
起点,чи3диан3
起诉,чи3су4
气氛,чи4фен1
恰当,чиа4данг4
恰好,чиа4хао3
恰恰,чиа4чиа4
牵,чиан1
铅笔,чиан1би3
谦虚,чиан1xуу1
前方,чиан2фанг1
前来,чиан2лаи2
潜力,чиан2ли4
强盗,чиан2дао4
强化,чиан2хуа4
强势,чиан2ши4
强壮,чиан2чуанг4
桥梁,чиао2лиан2
巧妙,чиао3миао4
茄子,чие2зи3
切实,чие4ши2
侵犯,чин1фан4
亲属,чин1шу3
亲眼,чин1ыан3
倾向,чинг1xианг4
清,чинг1
清洁,чинг1йие2
清洁工,чинг1йие2гонг1
清明节,чинг1минг2йие2
清洗,чинг1xи3
情绪,чинг2xуу4
求职,чиу2чи2
球拍,чиу2паи1
球星,чиу2xинг1
球员,чиу2ыуан2
区分,чу1фен1
渠道,чу2дао4
取款,чу3куан3
取款机,чу3куан3йи1
去掉,чу4диао4
权,чуан2
权力,чуан2ли4
全力,чуан2ли4
全新,чуан2xин1
券,чуан4
缺陷,чуе1xиан4
却是,чуе4ши4
让座,ран4цзо4
热点,ре4диан3
热水,ре4шуи3
热水器,ре4шуи3чи4
热线,ре4xиан4
人权,рен2чуан2
认同,рен4тонг2
日夜,ри4ые4
日语,ри4ыу3
融合,ронг2хе2
融入,ронг2ру4
如,ру2
如一,ру2и1
乳制品,ру3чих4пин3
入,ру4
入学,ру4xуу2
若,руо4
塞,саи1
赛,саи4
赛场,саи4чанг3
三明治,сан1минг2чих4
丧失,санг4ши1
山峰,шан1фенг1
山谷,шан1гу3
山坡,шан1по1
伤口,шанг1коу3
伤亡,шанг1уоан2
伤员,шанг1ыуан2
商城,шанг1ченг2
上当,шанг4данг4
上帝,шанг4ди4
上市,шанг4ши4
上台,шанг4таи2
上演,шанг4ыан3
勺,шао2
少儿,шао4ер2
舌头,ше2тоуu
设计师,ше4йи4ши1
涉及,ше4йи2
深化,шен1хуа4
深深,шен1шен1
审查,шен3ча2
升级,шенг1йи2
升学,шенг1xуу2
升值,шенг1чи2
生活费,шенг1хуо2феи4
省钱,шенг3чиан2
圣诞节,шенг4дан4йие2
盛行,шенг4xинг2
师父,ши1фу4
师生,ши1шенг1
时而,ши2ер2
时节,ши2йие2
时期,ши2чи1
时时,ши2ши2
时装,ши2чуанг1
识,ши2
识字,ши2тзы4
实践,ши2йиан4
食欲,ши2ыу4
市民,ши4мин2
事后,ши4хоу4
试点,ши4диан3
适当,ши4данг4
收藏,шоу1цанг2
收取,шоу1чу3
收养,шоу1ыанг3
手续费,шоу3xуу4феи4
首,шоу3
首次,шоу3цы4
首脑,шоу3нао3
首席,шоу3xи2
首相,шоу3xианг4
书房,шу1фанг2
薯片,шу3пиан4
薯条,шу3тиао2
双打,шуанг1да3
爽,шуанг3
水泥,шуи3ни2
税,шуи4
顺,шун4
说明书,шуо1минг2шу1
说实话,шуо1ши2хуа4
司长,сы1чанг3
死亡,сы3уоан2
四处,сы4чу4
寺,сы4
送礼,сонг4ли3
送行,сонг4xинг2
素质,су4чих4
算了,суан4леe
算是,суан4ши4
虽,суи1
所,суо3
踏实,та4ши2
塔,та3
台灯,таи2денг1
太阳能,таи4ыанг2ненг2
叹气,тан4чи4
探索,тан4суо3
探讨,тан4тао3
趟,танг4
掏,тао1
特,те4
特大,те4да4
特地,те4ди4
特快,те4куаи4
特意,те4ыи4
疼痛,тенг2тонг4
踢,ти1
提交,ти2йиао1
提升,ти2шенг1
天然,тиан1ран2
天堂,тиан1танг2
天下,тиан1xиа4
添,тиан1
田,тиан2
田径,тиан2йинг4
跳水,тиао4шуи3
听取,тинг1чу3
通报,тонг1бао4
通道,тонг1дао4
通红,тонг4хонг2
通话,тонг1хуа4
通行,тонг1xинг2
通讯,тонг1xунн4
同,тонг2
同胞,тонг2бао1
同行,тонг2хинг2
同期,тонг2чи1
同一,тонг2и1
铜牌,тонг2паи2
头疼,тоу2тенг2
投票,тоу2пиао4
透露,тоу4лу4
图书,ту2шу1
徒弟,ту2ди4
途径,ту2йинг4
土,ту3
团队,туан2дуи4
推出,туи1чу1
退票,туи4пиао4
吞,тун1
托,ту1
拖,ту1
拖鞋,ту1xие2
挖,уо1
娃娃,уоа2уоа2
外币,уоаи4би4
外部,уоаи4бу4
外出,уоаи4чу1
外观,уоаи4гуан1
外科,уоаи4ке1
外来,уоаи4лаи2
外头,уоаи4тоуu
外衣,уоаи4и1
外资,уоаи4тзы1
弯曲,уоан1чу1
顽皮,уоан2пи2
顽强,уоан2чиан2
王后,уоан2хоу4
王子,уоан2тзы3
网吧,уоанг3баa
网页,уоанг3ые4
往后,уоанг3хоу4
往来,уоанг3лаи2
往年,уоанг3ниан2
望见,уоан4йиан4
危机,уоеи1йи1
威胁,уоеи1xие2
微波炉,уоеи1бо1лу2
维生素,уоеи2шенг1су4
为此,уоеи4цы3
为何,уоеи4хе2
文娱,уоен2ыу2
卧铺,уоо4пу4
乌云,уо1ыун2
无边,уо2биан1
无关,уо2гуан1
无效,уо2xиао4
舞蹈,уоу3дао3
物品,уоу4пин3
误,уоу4
西班牙语,xи1бан1ыа2ыу3
吸毒,xи1ду2
牺牲,xи1шенг1
洗衣粉,xи3и1фен3
戏曲,xи4чу3
细胞,xи4бао1
细菌,xи4юн1
先锋,xиан1фенг1
嫌,xиан2
显出,xиан3чу1
险,xиан3
线路,xиан4лу4
陷入,xиан4ру4
响声,xианг3шенг1
消耗,xиао1хао4
消灭,xиао1мие4
小费,xиао3феи4
小麦,xиао3маи4
小于,xиао3ыу2
笑脸,xиао4лиан3
笑容,xиао4ронг2
笑声,xиао4шенг1
协会,xие2хуи4
协商,xие2шанг1
协调,xие2диао2
协助,xие2чу4
写字楼,xие3тзы4лоу2
写字台,xие3тзы4таи2
心灵,xин1линг2
心愿,xин1ыуан4
心脏,xин1цанг4
心脏病,xин1цанг4бинг4
新人,xин1рен2
新兴,xин1xинг1
信仰,xинн4ыанг3
信用,xинн4ыонг4
兴旺,xинг1уоан4
行程,xинг2ченг2
形,xинг2
凶,xионг1
凶手,xионг1шоу3
修车,xиу1че1
袖珍,xиу4чен1
悬,xуанн2
旋转,xуанн2чуан3
选拔,xуанн3ба2
选举,xуанн3ю3
学会,xуу2хуи4
学员,xуу2ыуан2
血管,xиу4гуан3
血液,xиу4ые4
循环,xунн2хуан2
压迫,ыа1по4
烟花,ыан1хуа1
沿,ыан2
沿海,ыан2хаи3
沿着,ыан2жеe
研发,ыан2фа1
眼看,ыан3кан4
演奏,ыан3цоу4
宴会,ыан4хуи4
洋,ыанг2
仰,ыанг3
养老,ыанг3лао3
氧气,ыанг3чи4
样,ыанг4
药品,ыао4пин3
要不然,ыао4бу4ран2
要好,ыао1хао3
要么,ыао4меe
要素,ыао4су4
野,ые3
野生,ые3шенг1
医药,и1ыао4
依次,и1цы4
依赖,и1лаи4
仪器,ыи2чи4
仪式,ыи2ши4
遗憾,ыи2хан4
一番,ыи1фан1
一时,ыи1ши2
艺人,ыи4рен2
议题,ыи4ти2
异常,ыи4чанг2
意想不到,ыи4xианг3бу4дао4
意愿,ыи4ыуан4
因,ыин1
因素,ыин1су4
阴谋,ыин1моу2
阴影,ыин1ыинг3
音量,ыин1лиан4
音像,ыин1xианг4
隐藏,ыин3цанг2
隐私,ыин3сы1
印,ыин4
英雄,ыин1xионг2
迎来,ыин2лаи2
影迷,ыинг3ми2
影星,ыинг3xинг1
应对,ыинг4дуи4
应急,ыинг4йи2
用得着,ыонг4де2чаоe
用法,ыонг4фа3
用品,ыонг4пин3
用心,ыонг4xин1
优质,ыо1чих4
游人,ыо2рен2
游玩,ыо2уоан2
游戏机,ыо2xи4йи1
游行,ыо2xинг2
有关,ыо3гуан1
有没有,ыо3меи2ыо3
有事,ыо3ши4
于,ыу2
娱乐,ыу2ле4
愉快,ыу2куаи4
与,ыу3
宇航员,ыу3ханг2ыуан2
雨衣,ыу3и1
预约,ыу4ыуе1
元素,ыуан2су4
园,ыуан2
园地,ыуан2ди4
原,ыуан2
原告,ыуан2гао4
原谅,ыуан2лиан4
圆珠笔,ыуан2чу1би3
援助,ыуан2чу4
缘故,ыуан2гу4
远方,ыуан3фанг1
远离,ыуан3ли2
远远,ыуан3ыуан3
约定,ыуе1динг4
乐曲,лу4чу3
晕,ыун1
允许,ыун3xуу3
运作,ыун4цзо4
晕车,ыун4че1
杂,ца2
再生,цаи4шенг1
再说,цаи4шуо1
遭到,цао1дао4
遭受,цао1шоу4
遭遇,цао1ыу4
早晚,цао3уоан3
增进,ценг1йин4
增值,ценг1чи2
扎,ча1
扎实,ча1ши2
炸,ча4
炸弹,ча4дан4
炸药,ча4ыао4
债,чаи4
占据,чан4ю4
战场,чан4чанг3
战术,чан4шу4
战友,чан4ыо3
站台,чан4таи2
章,чанг1
长,чанг3
掌声,чанг3шенг1
账,чанг4
账户,чанг4ху4
涨,чанг3
障碍,чанг4аи4
招,чао1
招聘,чао1пин4
照样,чао4ыанг4
照耀,чао4ыао4
哲学,че2xуу2
这就是说,че4йиу4ши4шуо1
镇,чен4
争夺,ченг1дуо2
整顿,ченг3дун4
整治,ченг3чих4
正当,ченг4данг1
政策,ченг4це4
政党,ченг4данг3
政权,ченг4чуан2
症状,ченг4чуанг4
之类,чи1леи4
支撑,чи1ченг1
支援,чи1ыуан2
枝,чи1
知名,чи1минг2
织,чи1
直升机,чи2шенг1йи1
职责,чи2це2
止,чи3
只得,чи3деe
只顾,чи3гу4
只管,чи3гуан3
指定,чи3динг4
指数,чи3шу4
指头,чи3тоуu
指着,жиж3
至于,чих4ыу2
治病,чих4бинг4
智慧,чих4хуи4
中等,чонг1денг3
中华,чонг1хуа2
中期,чонг1чи1
中外,чонг1уоаи4
忠心,чонг1xин1
钟头,чонг1тоу2
肿,чонг3
种种,чонг3чонг3
粥,чоу1
珠宝,чу1бао3
诸位,чу1уоеи4
主持人,чу3чи2рен2
主角,чу3йиао2
主流,чу3лиу2
煮,чу3
住宅,чу4чаи2
驻,чу4
柱子,чу4зи3
祝愿,чу4ыуан4
专用,чуан1ыонг4
转,чуан3
赚,чуан4
赚钱,чуан4чиан2
装备,чуанг1беи4
壮观,чуанг4гуан1
追究,чуи1йиу1
捉,чо1
咨询,тзы1xунн2
自来水,тзы4лаи2шуи3
自我,тзы4уоо3
自学,тзы4xуу2
自言自语,тзы4ыан2тзы4ыу3
宗教,цзнг1йиао4
总部,цзнг3бу4
总监,цзнг3йиан1
总经理,цзнг3йинг1ли3
总量,цзнг3лиан4
走私,цоу3сы1
奏,цоу4
租金,цу1йин1
足,цу2
足以,цу2ыи3
族,цу2
族,цу2
祖父,цу3фу4
祖国,цу3гуо2
祖母,цу3му3
钻,цуан1
最佳,цуи4йиа1
最终,цуи4чонг1
罪,цуи4
罪恶,цуи4е4
作,цзо4
作废,цзо4феи4
作战,цзо4чан4
