Pinyin,Wade-Giles,Romatzyh,Palladiy,Result
аи,аи ,аы,ай,аи
ба,па ,ба,ба,ба
ба,па ,бах,ба,ба
баи,паи ,баир,бай,баи
баи,паи ,бае,бай,баи
бан,пан ,бан,бань,бан
бан,пан ,банн,бань,бан
банг,панг ,банг,бан,банг
бао,пао ,бау,бао,бао
беи,пеи ,беи,бэй,беи
беи,пеи ,бееи,бэй,беи
бен,пен ,беен,бэнь,бен
би,пи ,бии,би,би
бие,пиех ,бые,бе,бие
бинг,пинг ,бинк,бин,бинг
бу,пу ,бух,бу,бу
цаи,цаи ,цаы,цай,цаи
ча,ча ,чар,ча,ча
ча,ча ,чах,ча,ча
чанг,чанг ,чарнг,чан,чанг
чанг,чанг ,чанк,чан,чанг
че,че ,че,чэ,че
чи,чих ,чы,чи,чи
чу,чу ,чу,чу,чу
чуан,чуан ,чуан,чуань,чуан
чуанг,чуанг ,чвоанг,чуан,чуанг
ци,тзу ,цых,цы,цы
цонг,цунг ,цорнг,цун,цонг
цуо,цо ,цуох,цо,цуо
да,та ,дах,да,да
дао,тао ,даво,дао,дао
ди,де,де,ди,ди
де,де,де,дэ,де
денг,тенг ,деенг,дэн,денг
ди,ти ,дих,ди,ди
ди,ти ,дих,ди,ди
ди,ти ,дих,ди,ди
диан,тиен ,деан,дянь,диан
диан,тиен ,дианн,дянь,диан
донг,тунг ,донг,дун,донг
донг,тунг ,донк,дун,донг
ду,тоу ,доу,ду,ду
ду,ту ,двоу,ду,ду
дуи,туи ,дуеы,дуй,дуи
дуо,то ,дуо,до,дуо
е,е ,ех,э,е
ер,ерх ,елл,эр,ер
фан,фан ,фанн,фань,фан
фанг,фанг ,фанк,фан,фанг
феи,феи ,феи,фэй,феи
фен,фен ,фен,фэнь,фен
фенг,фенг ,фенг,фэн,фенг
ган,кан ,ган,гань,ган
гао,као ,гау,гао,гао
ге,ко ,ге,гэ,ге
ге,ко ,ге,гэ,ге
ге,ко ,гех,гэ,ге
геи,кеи ,гееи,гэй,геи
ген,кен ,ген,гэнь,ген
гуан,куан ,гуан,гуань,гуан
гуи,куеи ,гуеы,гуй,гуе
гуо,куо ,гвоо,го,гуо
хао,хао ,хао,хао,хао
хао,хао ,хаво,хао,хао
хе,хо ,хе,хэ,хе
хе,хо ,хер,хэ,хе
хен,хен ,хеен,хэнь,хен
хоу,хоу ,хово,хоу,хоу
хуа,хуа ,хуа,хуа,хуа
хуа,хуа ,хуах,хуа,хуа
хуаи,хуаи ,хуаы,хуай,хуаи
хуан,хуан ,хвоан,хуань,хуан
хуи,хуи ,хвоеи,хуэй,хуи
хуи,хуи ,хуеы,хуэй,хуи
йи,чи ,йии,цзи,йии
йи,чи ,йих,цзи,йи
йиа,чиа ,йиа,цзя,йиа
йиан,чиен ,йиан,цзянь,йиан
йиан,чиен ,йианн,цзянь,йиан
йиао,чиао ,йиау,цзяо,йиао
йиао,чиао ,йиаво,цзяо,йиао
йин,чин ,йинн,цзинь,йинн
йиу,чиу ,йеоу,цзю,йиу
йиу,чиу ,йиово,цзю,йиу
каи,каи ,каи,кай,каи
као,као ,као,као,као
ке,ко ,кее,кэ,ке
ке,ко ,кех,кэ,ке
коу,коу ,кооу,коу,коу
куаи,куаи ,куаы,куай,куаи
куаи,куаи ,куаы,куай,куаи
лаи,лаи ,лаи,лай,лаи
лао,лао ,лао,лао,лао
ле,ле,ле,лэ,ле
леи,леи ,леы,лэй,леи
ленг,ленг ,леенг,лэн,ленг
ли,ли ,лии,ли,ли
лианг,лианг ,леанг,лян,лианг
линг,линг ,линг,лин,линг
лиу,лиу ,лиово,лю,лиу
лоу,лоу ,лоу,лоу,лоу
лу,лу ,лух,лу,лу
ма,ма ,мха,ма,ма
маи,маи ,мае,май,маи
ман,ман ,манн,мань,ман
манг,манг ,манг,ман,манг
мао,мао ,мау,мао,мао
меи,меи ,меи,мэй,меи
меи,меи ,меы,мэй,меи
мен,мен ,мен,мэнь,мен
на,на ,на,на,на
на,на ,наа,на,на
наи,наи ,нае,най,наи
ни,не,не,ни,ни
ненг,ненг ,ненг,нэн,ненг
ни,ни ,нии,ни,ни
ниан,ниен ,ниан,нянь,ниан
нин,нин ,нин,нинь,нин
пиао,пиао ,пиаво,пяо,пиао
ки,чи ,чи,ци,чи
ки,чи ,чии,ци,чи
киан,чиен ,чыан,цянь,чиан
киан,чиен ,чыан,цянь,чиан
кинг,чинг ,чиинг,цин,чинг
киу,чиу ,чыоу,цю,чиу
ку,чу ,чиух,цюй,чу
ре,йе ,рех,жэ,ре
рен,йен ,рен,жэнь,рен
ри,йих ,рых,жи,ри
роу,йоу ,рово,жоу,роу
сан,сан ,сан,сань,сан
шан,шан ,шан,шань,шан
шанг,шанг ,шанк,шан,шанг
шао,шао ,шао,шао,шао
шуи,шеи ,шеир,шуй,шуи
ши,ших ,шыр,ши,ши
ши,ших ,шых,ши,ши
ши,ших ,шых,ши,ши
ши,ших ,шых,ши,ши
шоу,шоу ,шооу,шоу,шоу
шу,шу ,шу,шу,шу
шу,шу ,шух,шу,шу
шуи,шуи ,шоеи,шуй,шуи
шуи,шуи ,шуеы,шуй,шуи
си,ссу ,сых,сы,сы
сонг,сунг ,сонк,сун,сонг
суи,суи ,суеы,суй,суи
та,та ,та,та,та
та,та ,та,та,та
таи,таи ,таы,тай,таи
тиан,тиен ,тиан,тянь,тиан
тинг,тинг ,тинг,тин,тинг
воаи,воаи ,воаы,вай,воаи
воан,воан ,вооан,вань,воан
воанг,воанг ,воанк,ван,воанг
воен,воен ,военн,вэнь,воен
воо,воо ,вооо,во,воо
воу,воу ,воуу,у,воу
xи,хси ,ши,си,xи
xи,хси ,шии,си,xи
xиа,хсиа ,шиах,ся,xиа
xиан,хсиен ,шиан,сянь,xиан
xианг,хсианг ,шеанг,сян,xианг
xиао,хсиао ,шеау,сяо,xиао
xиао,хсиао ,шиаво,сяо,xиао
xие,хсиех ,шиее,се,xие
xин,хсин ,шин,синь,xин
xинг,хсинг ,шынг,син,xинг
xуе,хсуех ,шыуе,сюэ,xуу
ыао,ыао ,ыаво,яо,ыао
ые,ыех ,ыее,е,ые
ые,ыех ,ыех,е,ые
ыи,и ,и,и,и
ыонг,ыунг ,ыонк,юн,ыонг
ыоу,ыу ,ыеоу,ю,ыоу
ыоу,ыу ,ыово,ю,ыоу
ыу,ыу ,ыеу,юй,ыу
ыуан,ыуан ,ыуан,юань,ыуан
ыуан,ыуан ,ыеуан,юань,ыуан
ыуе,ыуех ,ыуех,юэ,ыуе
заи,цаи ,тзаы,цзай,цаи
заи,цаи ,тзаы,цзай,цаи
зао,цао ,тзао,цзао,цаоо
жан,чан ,янн,чжань,чан
жао,чао ,яо,чжао,чао
же,че ,йех,чжэ,че
жен,чен ,йен,чжэнь,чен
женг,ченг ,йенк,чжэн,ченг
жонг,чунг ,йонг,чжун,чонг
жу,чу ,юх,чжу,чу
зи,тзу ,тзых,цзы,тзы
зоу,цоу ,тзооу,цзоу,цоу
зуи,цуи ,тзуеы,цзуй,цуи
зуо,цо ,тзуоо,цзо,цзо
зуо,цо ,тзуох,цзо,цзо
бан,пан ,банн,бань,бан
бао,пао ,бао,бао,бао
беи,пеи ,беи,бэй,беи
би,пи ,бии,би,би
биан,пиен ,биан,бянь,биан
биан,пиен ,бианн,бянь,биан
биан,пиен ,бианн,бянь,биан
биао,пиао ,беау,бяо,биао
цаи,цаи ,цаир,цай,цаи
цао,цао ,цао,цао,цао
ценг,ценг ,цернг,цэн,ценг
ча,ча ,чар,ча,ча
чанг,чанг ,чарнг,чан,чанг
ченг,ченг ,чернг,чэн,ченг
чуан,чуан ,чвоан,чуань,чуан
чуи,чуи ,чуеи,чуй,чуи
ци,тзу ,цыр,цы,цы
даи,таи ,даы,дай,даи
дан,тан ,данн,дань,дан
дан,тан ,данн,дань,дан
данг,танг ,данг,дан,данг
дао,тао ,дао,дао,дао
дао,тао ,даво,дао,дао
дао,тао ,даво,дао,дао
де,те ,дер,дэ,де
де,де,де,дэ,де
денг,тенг ,денг,дэн,денг
денг,тенг ,деенг,дэн,денг
ди,ти ,ди,ди,ди
диан,тиен ,дианн,дянь,диан
диао,тиао ,диаво,дяо,диао
донг,тунг ,доонг,дун,донг
ду,ту ,дух,ду,ду
дуан,туан ,доан,дуань,дуан
дуан,туан ,дуанн,дуань,дуан
дуи,туи ,дуеы,дуй,дуи
дуи,туи ,дуеы,дуй,дуи
дуо,то ,дуо,до,дуо
фа,фа ,фа,фа,фа
фен,фен ,фен,фэнь,фен
фен,фен ,фенн,фэнь,фен
фенг,фенг ,фенг,фэн,фенг
гаи,каи ,гаи,гай,гаи
гаи,каи ,гае,гай,гаи
ганг,канг ,ганг,ган,ганг
гоу,коу ,гооу,гоу,гоу
гоу,коу ,гово,гоу,гоу
хаи,хаи ,хае,хай,хаи
хан,хан ,хаан,хань,хан
хао,хао ,хао,хао,хао
хе,хо ,хер,хэ,хе
хеи,хеи ,хеи,хэй,хеи
хонг,хунг ,хорнг,хун,хонг
ху,ху ,хвоу,ху,ху
хуа,хуа ,хуа,хуа,хуа
хуа,хуа ,хуах,хуа,хуа
хуан,хуан ,хуанн,хуань,хуан
хуанг,хуанг ,хвоанг,хуан,хуанг
хуи,хуи ,хвоеи,хуэй,хуи
хуи,хуи ,хуеы,хуэй,хуи
хуо,хуо ,хуох,хо,хуо
йи,чи ,йи,цзи,йи
йи,чи ,йыи,цзи,йии
йи,чи ,йыи,цзи,йии
йиа,чиа ,йиа,цзя,йиа
йиа,чиа ,йиа,цзя,йиа
йиа,чиа ,йеа,цзя,йиа
йиан,чиен ,йианн,цзянь,йиан
йианг,чианг ,йеанг,цзян,йианг
йиао,чиао ,йиау,цзяо,йиао
йиао,чиао ,йеау,цзяо,йиао
йиао,чиао ,йеау,цзяо,йиао
йие,чиех ,йие,цзе,йие
йие,чиех ,йие,цзе,йие
йие,чиех ,йые,цзе,йие
йие,чиех ,йиех,цзе,йие
йин,чин ,йин,цзинь,йин
йин,чин ,йинн,цзинь,йинн
йиу,чиу ,йеоу,цзю,йиу
ю,чу ,йеу,цзюй,ю
ю,чу ,йиух,цзюй,ю
киа,ка ,каа,ця,каа
као,као ,каво,као,као
ке,ко ,ке,кэ,ке
ке,ко ,кех,кэ,ке
ке,ко ,кех,кэ,ке
ку,ку ,ку,ку,ку
ла,ла ,лха,ла,ла
лан,лан ,лан,лань,лан
лао,лао ,лао,лао,лао
лао,лао ,лао,лао,лао
ли,ли ,ли,ли,ли
лиан,лиен ,леан,лянь,лиан
лиан,лиен ,лианн,лянь,лиан
лианг,лианг ,лианг,лян,лианг
лианг,лианг ,леанг,лян,лианг
лианг,лианг ,лианк,лян,лианг
лианг,лианг ,лианк,лян,лианг
лиу,лиу ,лиоу,лю,лиу
лиу,лиу ,лиоу,лю,лиу
маи,маи ,маы,май,маи
ман,ман ,маан,мань,ман
мао,мао ,мхау,мао,мао
ми,ми ,мии,ми,ми
минг,минг ,минг,мин,минг
па,па ,пар,па,па
па,па ,пах,па,па
паи,паи ,паир,пай,паи
пенг,пенг ,пенк,пэн,пенг
пиан,пиен ,пиан,пянь,пиан
пиан,пиен ,пианн,пянь,пиан
пинг,пинг ,пынг,пин,пинг
пинг,пинг ,пынг,пин,пинг
ки,чи ,чыи,ци,чи
ки,чи ,чих,ци,чи
киан,чиен ,чиан,цянь,чиан
кианг,чианг ,чыанг,цян,чианг
кинг,чинг ,чинг,цин,чинг
кинг,чинг ,чынг,цин,чинг
киу,чиу ,чыоу,цю,чиу
ку,чу ,чеу,цюй,чу
куан,чуан ,чыуан,цюань,чуан
ранг,янг ,ранк,жан,ранг
шенг,шенг ,шенг,шэн,шенг
шенг,шенг ,шеенг,шэн,шенг
шенг,шенг ,шеенг,шэн,шенг
ши,ших ,шых,ши,ши
шоу,шоу ,шоу,шоу,шоу
шу,шу ,швоу,шу,шу
шу,шу ,шуу,шу,шу
суан,суан ,суанн,суань,суан
та,та ,та,та,та
тао,тао ,таво,тао,тао
тенг,тенг ,тернг,тэн,тенг
ти,ти ,тыи,ти,ти
ти,ти ,тыи,ти,ти
тиао,тиао ,тыау,тяо,тиао
тинг,тинг ,тынг,тин,тинг
тинг,тинг ,тиинг,тин,тинг
тонг,тунг ,тонг,тун,тонг
тоу,тоу ,тоур,тоу,тоу
тоу,тоу ,тоур,тоу,тоу
туи,туи ,туеи,туй,туи
туи,туи ,тоеи,туй,туи
воан,воан ,воан,вань,воан
воан,воан ,вооан,вань,воан
воанг,воанг ,вооанг,ван,воанг
воанг,воанг ,вооанг,ван,воанг
воеи,воеи ,воеы,вэй,воеи
воеи,воеи ,воеы,вэй,воеи
воеи,воеи ,воеы,вэй,воеи
воен,воен ,воен,вэнь,воен
xиа,хсиа ,шиах,ся,xиа
xианг,хсианг ,шеанг,сян,xианг
xианг,хсианг ,шианк,сян,xианг
xианг,хсианг ,шианк,сян,xианг
xиао,хсиао ,шеау,сяо,xиао
xие,хсиех ,шые,се,xие
xин,хсин ,шинн,синь,xинн
xинг,хсинг ,шинк,син,xинг
xуан,хсуан ,шеуан,сюань,xуанн
xуе,хсуех ,шеуе,сюэ,xуу
ыан,ыан ,ыеан,янь,ыан
ыанг,ыанг ,ыеанг,ян,ыанг
ыао,ыао ,ыаво,яо,ыао
ые,ыех ,ыех,е,ые
ыи,и ,ыих,и,ыи
ыин,ыин ,ин,инь,ыин
ыоу,ыу ,ыоу,ю,ыо
ыоу,ыу ,ыово,ю,ыоу
ыу,ыу ,ыу,юй,ыу
ыуан,ыуан ,ыуанн,юань,ыуан
ыуе,ыуех ,ыуех,юэ,ыуе
ыун,ыун ,ыун,юнь,ыун
зан,цан ,тзарн,цзань,цан
жан,чан ,янн,чжань,чан
жан,чан ,янн,чжань,чан
чанг,чанг ,яанг,чан,чанг
жи,чих ,йыы,чжи,чи
жи,чих ,йыы,чжи,чи
жоу,чоу ,йоу,чжоу,чоу
жуанг,чуанг ,юанг,чжуан,чуанг
зу,цу ,тзу,цзу,цуу
зу,цу ,тзуу,цзу,цуу
зуи,цуи ,тзоеи,цзуй,цуи
зуо,цо ,тзуох,цзо,цзо
ан,ан ,анн,ань,ан
ба,па ,баа,ба,ба
ба,па ,баа,ба,ба
баи,паи ,баир,бай,баи
бан,пан ,бан,бань,бан
бан,пан ,баан,бань,бан
бао,пао ,бао,бао,бао
бао,пао ,баво,бао,бао
беи,пеи ,беы,бэй,беи
беи,пеи ,беы,бэй,беи
беи,пеи ,беы,бэй,беи
бинг,пинг ,бинк,бин,бинг
бу,пу ,буу,бу,бу
бу,пу ,бух,бу,бу
бу,пу ,бух,бу,бу
бу,пу ,бух,бу,бу
жао,чао ,чаур,чжао,чао
чао,чао ,чао,чао,чао
ченг,ченг ,чернг,чэн,ченг
чу,чу ,чу,чу,чу
чу,чу ,чу,чу,чу
чуан,чуан ,чвоан,чуань,чуан
цун,цун ,цуен,цунь,цун
цун,цун ,цвоен,цунь,цун
даи,таи ,даы,дай,даи
дао,тао ,дау,дао,дао
диао,тиао ,диаво,дяо,диао
динг,тинг ,динк,дин,динг
дуан,туан ,дуанн,дуань,дуан
дун,тун ,дуенн,дунь,дун
фанг,фанг ,фарнг,фан,фанг
феи,феи ,феы,фэй,феи
фу,фу ,фвоу,фу,фу
фу,фу ,фух,фу,фу
фу,фу ,фух,фу,фу
ган,кан ,гаан,гань,ган
ган,кан ,гаан,гань,ган
ге,ко ,гех,гэ,ге
гу,ку ,гуу,гу,гу
гуа,куа ,гуах,гуа,гуа
гуан,куан ,гоан,гуань,гуан
гуанг,куанг ,гуанг,гуан,гуанг
xинг,ханг ,харнг,син,хинг
хе,хо ,хер,хэ,хе
хуа,хуа ,хуах,хуа,хуа
хуан,хуан ,хвоан,хуань,хуан
хуо,хуо ,хвоо,хо,хуо
хуо,хуо ,хуоо,хо,хуо
йиа,чиа ,йиах,цзя,йиа
йиан,чиен ,йианн,цзянь,йиан
йиао,чиао ,йиаво,цзяо,йиао
йиао,чиао ,йиаво,цзяо,йиао
йин,чин ,йин,цзинь,йин
йин,чин ,йиин,цзинь,йинн
йин,чин ,йиин,цзинь,йинн
йинг,чинг ,йинк,цзин,йинг
йиу,чиу ,йеоу,цзю,йиу
йиу,чиу ,йиово,цзю,йиу
йиу,чиу ,йиово,цзю,йиу
конг,кунг ,конг,кун,конг
кун,кун ,куенн,кунь,кун
ле,ле ,лех,лэ,ле
леи,леи ,леы,лэй,леи
ли,ли ,лих,ли,ли
лиан,лиен ,лиан,лянь,лиан
ле,ле,ле,лэ,ле
линг,линг ,лиинг,лин,линг
лонг,лунг ,лонг,лун,лонг
лу,лу ,лух,лу,лу
луан,луан ,луанн,луань,луан
ма,ма ,маа,ма,ма
мао,мао ,мау,мао,мао
меи,меи ,мееи,мэй,меи
меи,меи ,мееи,мэй,меи
ми,ми ,ми,ми,ми
ми,ми ,мии,ми,ми
моу,моу ,мооу,моу,моу
неи,неи ,неы,нэй,неи
ниан,ниен ,нианн,нянь,ниан
ниу,ниу ,ниоу,ню,ниу
па,па ,пах,па,па
паи,паи ,паи,пай,паи
паи,паи ,паир,пай,паи
паи,паи ,паы,пай,паи
пеи,пеи ,пеы,пэй,пеи
пи,пи ,пыи,пи,пи
по,по ,пох,по,по
ки,чи ,чи,ци,чи
ки,чи ,чыи,ци,чи
кианг,чианг ,чыанг,цян,чианг
киао,чиао ,чыау,цяо,чиао
киао,чиао ,чеау,цяо,чиао
кин,чин ,чин,цинь,чин
ку,чу ,чиу,цюй,чу
куе,чуех ,чиуе,цюэ,чуе
кун,чун ,чыун,цюнь,чун
рен,йен ,ренн,жэнь,рен
рен,йен ,ренн,жэнь,рен
ренг,йенг ,ренг,жэн,ренг
шанг,шанг ,шанг,шан,шанг
шен,шен ,шен,шэнь,шен
шенг,шенг ,шенг,шэн,шенг
шенг,шенг ,шенг,шэн,шенг
шенг,шенг ,шенк,шэн,шенг
ши,ших ,шыр,ши,ши
ши,ших ,шыы,ши,ши
ши,ших ,шых,ши,ши
шоу,шоу ,шово,шоу,шоу
шу,шу ,шу,шу,шу
шу,шу ,шуу,шу,шу
шу,шу ,шух,шу,шу
шуанг,шуанг ,шуанг,шуан,шуанг
си,ссу ,сыы,сы,сы
суи,суи ,своеи,суй,суи
суо,со ,суоо,со,суо
таи,таи ,таир,тай,таи
тан,тан ,тарн,тань,тан
танг,танг ,танг,тан,танг
танг,танг ,тарнг,тан,танг
тиан,тиен ,тыан,тянь,тиан
диао,тиао ,тыау,дяо,диао
тиао,тиао ,тиаво,тяо,тиао
тие,тиех ,тиее,те,тие
тонг,тунг ,тонк,тун,тонг
тоу,тоу ,тоур,тоу,тоу
ту,ту ,твоу,ту,ту
ту,ту ,туу,ту,ту
туан,туан ,твоан,туань,туан
туи,туи ,туеы,туй,туи
воеи,воеи ,воеи,вэй,воеи
воеи,воеи ,воеы,вэй,воеи
воеи,воеи ,воеи,вэй,воеи
xи,хси ,ших,си,xи
xиан,хсиен ,шианн,сянь,xиан
xианг,хсианг ,шианг,сян,xианг
xие,хсуех ,шиуех,се,xиу
xин,хсин ,шин,синь,xин
xин,хсин ,шинн,синь,xинн
xинг,хсинг ,шинк,син,xинг
xиу,хсиу ,шиоу,сю,xиу
ыа,ыа ,иа,я,ыа
ыан,ыан ,иан,янь,ыан
ыан,ыан ,ыеан,янь,ыан
ыанг,ыанг ,ыанг,ян,ыанг
ыи,и ,ыии,и,ыи
ыин,ыин ,ын,инь,ыин
ыинг,ыинг ,ынг,ин,ыинг
ыоу,ыу ,ыоу,ю,ыо
ыоу,ыу ,ыоу,ю,ыо
ыуан,ыуан ,ыуан,юань,ыуан
ыуе,ыуех ,иуе,юэ,ыуе
зао,цао ,тзаво,цзао,цао
жанг,чанг ,янг,чжан,чанг
жао,чао ,яво,чжао,чао
же,че ,йее,чжэ,че
женг,ченг ,йенг,чжэн,ченг
женг,ченг ,йеенг,чжэн,ченг
женг,ченг ,йенк,чжэн,ченг
женг,ченг ,йенк,чжэн,ченг
жи,чих ,йы,чжи,чи
жи,чих ,йы,чжи,чи
жи,чих ,йыр,чжи,чи
жи,чих ,йыр,чжи,чи
жи,чих ,йыы,чжи,чи
жонг,чунг ,йонг,чжун,чонг
жонг,чунг ,йоонг,чжун,чонг
жу,чу ,ю,чжу,чу
жу,чу ,юх,чжу,чу
жуа,чуа ,юа,чжуа,чуа
жуан,чуан ,юанн,чжуань,чуан
жун,чун ,йоен,чжунь,чунн
зонг,цунг ,тзоонг,цзун,цзнг
аи,аи ,ае,ай,аи
ан,ан ,ан,ань,ан
ан,ан ,анн,ань,ан
баи,паи ,бае,бай,баи
баи,паи ,баы,бай,баи
бао,пао ,бао,бао,бао
бао,пао ,баво,бао,бао
беи,пеи ,беы,бэй,беи
бен,пен ,бенн,бэнь,бен
би,пи ,бих,би,би
биан,пиен ,биан,бянь,биан
бие,пиех ,бые,бе,бие
бинг,пинг ,бинг,бин,бинг
бинг,пинг ,бинг,бин,бинг
бинг,пинг ,бинк,бин,бинг
ца,ца ,ца,ца,ца
цаи,цаи ,цаир,цай,цаи
це,це ,цех,цэ,це
ценг,ценг ,цернг,цэн,ценг
чао,чао ,чау,чао,чао
чао,чао ,чаур,чао,чао
чен,чен ,черн,чэнь,чен
чонг,чунг ,чонг,чун,чонг
чоу,чоу ,чоу,чоу,чоу
чу,чу ,чуу,чу,чу
чун,чун ,чвоен,чунь,чун
ци,тзу ,цыы,цы,цы
ци,тзу ,цых,цы,цы
ци,тзу ,цых,цы,цы
цу,цу ,цу,цу,цу
даи,таи ,даы,дай,даи
даи,таи ,даы,дай,даи
дан,тан ,дан,дань,дан
дан,тан ,данн,дань,дан
денг,тенг ,денг,дэн,денг
динг,тинг ,диинг,дин,динг
динг,тинг ,динк,дин,динг
ду,ту ,дуу,ду,ду
ер,ерх ,ерл,эр,ер
фа,фа ,фаа,фа,фа
фан,фан ,фан,фань,фан
фан,фан ,фарн,фань,фан
фан,фан ,фаан,фань,фан
фанг,фанг ,фанг,фан,фанг
феи,феи ,феи,фэй,феи
феи,феи ,феир,фэй,феи
гаи,каи ,гаы,гай,гаи
ге,ко ,гер,гэ,ге
ген,кен ,ген,гэнь,ген
гонг,кунг ,гонк,гун,гонг
гуа,куа ,гуа,гуа,гуа
гуаи,куаи ,гуаы,гуай,гуаи
гуан,куан ,гуан,гуань,гуан
гуан,куан ,гуан,гуань,гуан
гуанг,куанг ,гуанк,гуан,гуанг
гуи,куеи ,гуеи,гуй,гуе
хан,хан ,харн,хань,хан
хао,хао ,хао,хао,хао
хоу,хоу ,хово,хоу,хоу
ху,ху ,хух,ху,ху
хуа,хуа ,хуа,хуа,хуа
хуа,хуа ,хвоа,хуа,хуа
хуа,хуа ,хуах,хуа,хуа
хуи,хуи ,хуеы,хуэй,хуи
хуо,хуо ,хуоо,хо,хуо
хуо,хуо ,хуоо,хо,хуо
хуо,хуо ,хуох,хо,хуо
хуо,хуо ,хуох,хо,хуо
йи,чи ,йыи,цзи,йии
xи,хси ,ших,си,xи
йи,чи ,йих,цзи,йи
йи,чи ,йих,цзи,йи
йи,чи ,йих,цзи,йи
йиан,чиен ,йеан,цзянь,йиан
йианг,чианг ,йианг,цзян,йианг
йианг,чианг ,йеанг,цзян,йианг
йианг,чианг ,йианк,цзян,йианг
йие,чиех ,йые,цзе,йие
ю,чу ,йыу,цзюй,ю
ю,чу ,йиух,цзюй,ю
юан,чуан ,йеуан,цзюань,юанан
ке,ко ,ке,кэ,ке
конг,кунг ,конг,кун,конг
ку,ку ,куу,ку,ку
куан,куан ,куан,куань,куан
ла,ла ,лах,ла,ла
леи,леи ,леы,лэй,леи
лиа,лиа ,леа,ля,лиа
лианг,лианг ,лианг,лян,лианг
лие,лиех ,лиех,ле,лие
лун,лун ,луен,лунь,лун
менг,менг ,менк,мэн,менг
ми,ми ,мих,ми,ми
мо,мо ,мхо,мо,мо
мо,мо ,мох,мо,мо
на,на ,наа,на,на
нао,нао ,наво,нао,нао
нонг,нунг ,нонг,нун,нонг
паи,паи ,паир,пай,паи
пан,пан ,парн,пань,пан
пи,пи ,пи,пи,пи
пи,пи ,пи,пи,пи
кие,чиех ,чие,це,чие
кионг,чиунг ,чыонг,цюн,чионг
куе,чуех ,чиуех,цюэ,чуе
руо,йо ,руох,жо,руо
сан,сан ,саан,сань,сан
сан,сан ,санн,сань,сан
сао,сао ,сао,сао,сао
се,се ,сех,сэ,се
шаи,шаи ,шаы,шай,шаи
шан,шан ,шаан,шань,шан
шанг,шанг ,шаанг,шан,шанг
шао,шао ,шау,шао,шао
ши,ших ,шы,ши,ши
ши,ших ,шы,ши,ши
шоу,шоу ,шооу,шоу,шоу
шоу,шоу ,шооу,шоу,шоу
шуа,шуа ,шуа,шуа,шуа
шуаи,шуаи ,шуаы,шуай,шуаи
сонг,сунг ,сонг,сун,сонг
суан,суан ,суан,суань,суан
танг,танг ,таанг,тан,танг
ти,ти ,тих,ти,ти
тиан,тиен ,тыан,тянь,тиан
тиао,тиао ,тиау,тяо,тиао
тие,тиех ,тие,те,тие
тинг,тинг ,тиинг,тин,тинг
тоу,тоу ,тоур,тоу,тоу
тоу,тоу ,тово,тоу,тоу
туо,то ,туо,то,туо
воан,воан ,уан,вань,воан
воанг,воанг ,воанг,ван,воанг
воеи,воеи ,воеы,вэй,воеи
воен,воен ,вооен,вэнь,воен
воу,воу ,воу,у,воу
xи,хси ,ши,си,xи
xи,хси ,ших,си,xи
xиан,хсиен ,шиан,сянь,xиан
xиан,хсиен ,шыан,сянь,xиан
xиан,хсиен ,шианн,сянь,xиан
xианг,хсианг ,шианг,сян,xианг
xианг,хсианг ,шианк,сян,xианг
xие,хсиех ,шие,се,xие
xинг,хсинг ,шынг,син,xинг
xинг,хсинг ,шиинг,син,xинн
ыа,ыа ,ыа,я,ыа
ыа,ыа,ыа,я,ыа
ыан,ыан ,ыан,янь,ыан
ыан,ыан ,ыан,янь,ыан
ыао,ыао ,иау,яо,ыао
ыао,ыао ,ыау,яо,ыао
ыао,ыао ,ыаво,яо,ыао
ыи,и ,ыи,и,ыи
ыин,ыин ,ыиин,инь,ыин
ыинг,ыинг ,инг,ин,ыинг
ыу,ыу ,ыух,юй,ыу
ыу,ыу ,ыух,юй,ыу
ыуан,ыуан ,ыуан,юань,ыуан
жен,чен ,йен,чжэнь,чен
жен,чен ,йенн,чжэнь,ченн
жи,чих ,йы,чжи,чи
жи,чих ,йых,чжи,чих
жонг,чунг ,йоонг,чжун,чонг
зи,тзу ,тзых,цзы,тзы
ан,ан ,анн,ань,ан
ба,па ,бар,ба,ба
бан,пан ,баан,бань,бан
банг,панг ,банк,бан,банг
беи,пеи ,беы,бэй,беи
би,пи ,бих,би,би
бинг,пинг ,биинг,бин,бинг
цаи,цаи ,цаи,цай,цаи
це,це ,цех,цэ,це
ча,ча ,ча,ча,ча
ча,ча ,ча,ча,ча
чаи,чаи ,чаи,чай,чаи
чанг,чанг ,чарнг,чан,чанг
чанг,чанг ,чарнг,чан,чанг
ченг,ченг ,чернг,чэн,ченг
чи,чих ,чыр,чи,чи
чоу,чоу ,чоур,чоу,чоу
чоу,чоу ,чооу,чоу,чоу
чоу,чоу ,чово,чоу,чоу
чуанг,чуанг ,чоанг,чуан,чуанг
цуи,цуи ,цуеы,цуй,цуи
цун,цун ,цуенн,цунь,цун
да,та ,дар,да,да
даи,таи ,даи,дай,даи
даи,таи ,даи,дай,даи
дан,тан ,даан,дань,дан
данг,танг ,даанг,дан,данг
ди,ти ,дих,ди,ди
диу,тиу ,диоу,дю,диу
донг,тунг ,донк,дун,донг
донг,тунг ,донк,дун,донг
ду,ту ,двоу,ду,ду
дуи,туи ,дуеи,дуй,дуи
дун,тун ,дуен,дунь,дун
дуо,то ,дуоо,до,дуо
дуо,то ,дуоо,до,дуо
фа,фа ,фар,фа,фа
фенг,фенг ,фенг,фэн,фенг
фенг,фенг ,фенг,фэн,фенг
фу,фу ,фвоу,фу,фу
фу,фу ,фвоу,фу,фу
гао,као ,гао,гао,гао
гоу,коу ,гоу,гоу,гоу
гу,ку ,гуу,гу,гу
гуаи,куаи ,гуаы,гуай,гуаи
гуи,куеи ,гоеи,гуй,гуе
гун,кун ,гоен,гунь,гун
гуо,куо ,гуо,го,гуо
хаи,хаи ,хаы,хай,хаи
хан,хан ,ханн,хань,хан
хе,хо ,хер,хэ,хе
хен,хен ,хенн,хэнь,хен
хоу,хоу ,хоур,хоу,хоу
ху,ху ,хуу,ху,ху
хуа,хуа ,хвоа,хуа,хуа
хуанг,хуанг ,хуанг,хуан,хуанг
йи,чи ,йии,цзи,йии
йиа,чиа ,йиа,цзя,йиа
йиа,чиа ,йеа,цзя,йиа
йиа,чиа ,йиах,цзя,йиа
йиан,чиен ,йиан,цзянь,йиан
йиан,чиен ,йеан,цзянь,йиан
йиан,чиен ,йианн,цзянь,йиан
йианг,чианг ,йианг,цзян,йианг
йие,чиех ,йиех,цзе,йие
йие,чиех ,йиех,цзе,йие
ке,ко ,ке,кэ,ке
ке,ко ,кее,кэ,ке
ке,ко ,кех,кэ,ке
ку,ку ,кух,ку,ку
куанг,куанг ,квоанг,куан,куанг
ыу,куеи ,куеи,юй,ку
луо,ла ,лах,ло,лао
лан,лан ,ланн,лань,лан
ли,ли ,ли,ли,ли
ли,ли ,лии,ли,ли
ли,ли ,лих,ли,ли
линг,линг ,линг,лин,линг
линг,линг ,линк,лин,линг
лоу,лоу ,лово,лоу,лоу
ма,ма ,мах,ма,ма
мао,мао ,маво,мао,мао
меи,меи ,меи,мэй,меи
миао,миао ,меау,мяо,миао
ниу,ниу ,ниоу,ню,ниу
нуан,нуан ,ноан,нуань,нуан
панг,панг ,парнг,пан,панг
пеи,пеи ,пеир,пэй,пеи
пеи,пеи ,пеир,пэй,пеи
пен,пен ,пен,пэнь,пен
пен,пен ,перн,пэнь,пен
пи,пи ,пи,пи,пи
пиан,пиен ,пианн,пянь,пиан
пин,пин ,пин,пинь,пин
пин,пин ,пиин,пинь,пин
пин,пин ,пиин,пинь,пин
пинг,пинг ,пынг,пин,пинг
по,по ,по,по,по
ки,чи ,чыи,ци,чи
киан,чиен ,чиан,цянь,чиан
киан,чиен ,чианн,цянь,чиан
кианг,чианг ,чианг,цян,чианг
киао,чиао ,чиау,цяо,чиао
киао,чиао ,чыау,цяо,чиао
кин,чин ,чын,цинь,чин
кинг,чинг ,чинг,цин,чинг
куан,чуан ,чыуан,цюань,чуан
куан,чуан ,чиуанн,цюань,чуан
ран,ян ,раан,жань,ран
рао,яо ,раво,жао,рао
рен,йен ,реен,жэнь,рен
рен,йен ,ренн,жэнь,рен
ренг,йенг ,рхенг,жэн,ренг
руан,юан ,роан,жуань,руан
са,са ,саа,са,са
сан,сан ,саан,сань,сан
ша,ша ,ша,ша,ша
ша,ша ,шаа,ша,ша
шан,шан ,шан,шань,шан
шан,шан ,шанн,шань,шан
шао,шао ,шау,шао,шао
ше,ше ,шер,шэ,ше
ше,ше ,шех,шэ,ше
ше,ше ,шех,шэ,ше
шен,шен ,шен,шэнь,шен
шен,шен ,шерн,шэнь,шен
шенг,шенг ,шенг,шэн,шенг
шенг,шенг ,шенк,шэн,шенг
ши,ших ,шыр,ши,ши
ши,ших ,шых,ши,ши
шоу,шоу ,шово,шоу,шоу
шу,шу ,шуу,шу,шу
шуаи,шуаи ,шуаи,шуай,шуаи
соу,соу ,соу,соу,соу
суи,суи ,суеы,суй,суи
суо,со ,суоо,со,суо
таи,таи ,таир,тай,таи
дан,тан ,тарн,дань,дан
тао,тао ,таур,тао,тао
тао,тао ,таур,тао,тао
тинг,тинг ,тинг,тин,тинг
тоу,тоу ,тоу,тоу,тоу
ту,ту ,туу,ту,ту
ту,ту ,тух,ту,ту
ту,ту ,тух,ту,ту
воеи,воеи ,воеы,вэй,воеи
воо,воо ,воох,во,воо
воу,воу ,у,у,во
воу,воу ,воуу,у,воу
xи,хси ,ших,си,xи
xиа,хсиа ,шиах,ся,xиа
xиан,хсиен ,шыан,сянь,xиан
xиан,хсиен ,шеан,сянь,xиан
xиан,хсиен ,шианн,сянь,xиан
xианг,хсианг ,шианг,сян,xианг
xие,хсиех ,шие,се,xие
xие,хсиех ,шые,се,xие
xионг,хсиунг ,шыонг,сюн,xионг
ыао,ыао ,ыеау,яо,ыао
ыи,и ,ыии,и,ыи
ыинг,ыинг ,инг,ин,ыинг
ыинг,ыинг ,ыинк,ин,ыинг
ыуан,ыуан ,ыуанн,юань,ыуан
ыуан,ыуан ,ыуанн,юань,ыуан
ыун,ыун ,ыунн,юнь,ыун
заи,цаи ,тзаи,цзай,цаи
зао,цао ,тзау,цзао,цао
зенг,ценг ,тзенг,цзэн,ценг
зенг,ценг ,тзенк,цзэн,ценг
жаи,чаи ,яи,чжай,чаи
жанг,чанг ,яанг,чжан,чанг
женг,ченг ,йенк,чжэн,ченг
жи,чих ,йых,чжи,чих
жуанг,чуанг ,юанк,чжуан,чуанг
зи,тзу ,тзыы,цзы,тзы
зуи,цуи ,тзуеы,цзуй,цуи
аи,аи ,аир,ай,аи
бао,пао ,баво,бао,бао
бен,пен ,беен,бэнь,бен
би,пи ,би,би,би
би,пи ,бих,би,би
биан,пиен ,бианн,бянь,биан
бо,по ,бо,бо,бо
бу,пу ,буу,бу,бу
цаи,цаи ,цае,цай,цаи
цан,цан ,цан,цань,цан
цан,цан ,цаан,цань,цан
це,це ,цех,цэ,це
чао,чао ,чау,чао,чао
чао,чао ,чао,чао,чао
ченг,ченг ,ченг,чэн,ченг
ченг,ченг ,чернг,чэн,ченг
чонг,чунг ,чонг,чун,чонг
чу,чу ,чвоу,чу,чу
чуан,чуан ,чуанн,чуань,чуан
цу,цу ,цух,цу,цу
да,та ,да,да,да
данг,танг ,даанг,дан,данг
данг,танг ,данг,дан,данг
дао,тао ,дао,дао,дао
ди,ти ,ди,ди,ди
диао,тиао ,диаво,дяо,диао
дие,тиех ,дие,де,дие
ду,ту ,дуу,ду,ду
ду,ту ,дух,ду,ду
дуан,туан ,дуан,дуань,дуан
дун,тун ,дуен,дунь,дун
дуо,то ,двоо,до,доо
фан,фан ,фан,фань,фан
фан,фан ,фанн,фань,фан
феи,феи ,феы,фэй,феи
фо,фо ,фор,фо,фо
фу,фу ,фвоу,фу,фу
фу,фу ,фвоу,фу,фу
фу,фу ,фух,фу,фу
фу,фу ,фух,фу,фу
фу,фу ,фух,фу,фу
ган,кан ,ган,гань,ган
ган,кан ,ган,гань,ган
гонг,кунг ,гонг,гун,гонг
гонг,кунг ,гонг,гун,гонг
гу,ку ,гуу,гу,гу
гу,ку ,гух,гу,гу
гуа,куа ,гуа,гуа,гуа
гуаи,куаи ,гоаи,гуай,гуаи
гуи,куеи ,гуеы,гуй,гуе
хен,хен ,хеен,хэнь,хен
хенг,хенг ,хернг,хэн,хенг
ху,ху ,хвоу,ху,ху
ху,ху ,хух,ху,ху
хуи,хуи ,хоеи,хуэй,хуи
хун,хун ,хуен,хунь,хун
йи,чи ,йыи,цзи,йии
йиан,чиен ,йиан,цзянь,йиан
йиан,чиен ,йеан,цзянь,йиан
йиан,чиен ,йианн,цзянь,йиан
йиан,чиен ,йианн,цзянь,йиан
йианг,чианг ,йианк,цзян,йианг
юе,чиао ,йиаво,цзюэ,юиа
йие,чиех ,йие,цзе,йие
йие,чиех ,йые,цзе,йие
йие,чиех ,йиех,цзе,йие
йие,чиех ,йиех,цзе,йие
йин,чин ,йинн,цзинь,йинн
йинг,чинг ,йинг,цзин,йинг
йинг,чинг ,йиинг,цзин,йинг
йинг,чинг ,йиинг,цзин,йинг
йинг,чинг ,йинк,цзин,йинг
ю,чу ,йыу,цзюй,ю
ю,чу ,йиух,цзюй,ю
ю,чу ,йиух,цзюй,ю
юан,чуан ,йиуан,цзюань,юанан
юе,чуех ,йыуе,цзюэ,юе
кан,кан ,кан,кань,кан
кен,кен ,кеен,кэнь,кен
коу,коу ,ково,коу,коу
ку,ку ,кух,ку,ку
куа,куа ,куах,куа,куа
куанг,куанг ,куанк,куан,куанг
куо,куо ,куох,ко,куо
лаи,лаи ,лаы,лай,лаи
лан,лан ,лаан,лань,лан
лао,лао ,лау,лао,лао
ли,ли ,лии,ли,ли
ли,ли ,лих,ли,ли
ли,ли ,лих,ли,ли
лиао,лиао ,лиау,ляо,лиао
лиао,лиао ,лиаво,ляо,лиао
лиао,лиао ,лиаво,ляо,лиао
лие,лиех ,лиех,ле,лие
линг,линг ,линк,лин,линг
лу,лоу ,лово,лу,лу
лу,лу ,лух,лу,лу
маи,маи ,маи,май,маи
менг,менг ,менг,мэн,менг
менг,менг ,меенг,мэн,менг
миан,миен ,миан,мянь,миан
миао,миао ,миаво,мяо,миао
мие,миех ,миех,ме,мие
минг,минг ,минк,мин,минг
мо,мо ,мо,мо,мо
мо,мо ,мо,мо,мо
му,му ,муу,му,му
му,му ,мух,му,му
ни,ни ,ни,ни,ни
ниу,ниу ,неоу,ню,ниу
пан,пан ,панн,пань,пан
пиан,пиен ,пиан,пянь,пиан
пинг,пинг ,пынг,пин,пинг
по,по ,по,по,по
пу,пу ,пу,пу,пу
пу,пу ,пу,пу,пу
киан,чиен ,чиан,цянь,чиан
кинг,чинг ,чинг,цин,чинг
куан,чуан ,чыуан,цюань,чуан
куан,чуан ,чиуанн,цюань,чуан
ру,ю ,ру,жу,ру
ру,ю ,рух,жу,ру
руо,йо ,руох,жо,руо
саи,саи ,саи,сай,саи
саи,саи ,саы,сай,саи
шао,шао ,шаур,шао,шао
ши,ших ,шыр,ши,ши
шоу,шоу ,шооу,шоу,шоу
шуанг,шуанг ,шоанг,шуан,шуанг
шуи,шуи ,шуеы,шуй,шуи
шун,шун ,шуенн,шунь,шун
си,ссу ,сых,сы,сы
суи,суи ,суеи,суй,суи
суо,со ,суоо,со,суо
та,та ,таа,та,та
танг,танг ,танк,тан,танг
тао,тао ,тау,тао,тао
те,те ,тех,тэ,те
ти,ти ,ти,ти,ти
тиан,тиен ,тиан,тянь,тиан
тиан,тиен ,тыан,тянь,тиан
тонг,тунг ,торнг,тун,тонг
ту,ту ,туу,ту,ту
тун,тун ,туен,тунь,тун
туо,то ,туо,то,туо
туо,то ,туо,то,туо
воа,воа ,уа,ва,воа
воу,воу ,воух,у,воу
xиан,хсиен ,шыан,сянь,xиан
xиан,хсиен ,шеан,сянь,xиан
xинг,хсинг ,шынг,син,xинг
xионг,хсиунг ,шионг,сюн,xионг
xуан,хсуан ,шыуан,сюань,xуанн
ыан,ыан ,ыан,янь,ыан
ыанг,ыанг ,ыанг,ян,ыанг
ыанг,ыанг ,ыеанг,ян,ыанг
ыанг,ыанг ,ыанк,ян,ыанг
ые,ыех ,ыее,е,ые
ыин,ыин ,ин,инь,ыин
ыин,ыин ,ыинн,инь,ыин
ыу,ыу ,ыу,юй,ыу
ыу,ыу ,ыеу,юй,ыу
ыуан,ыуан ,ыуан,юань,ыуан
ыуан,ыуан ,ыуан,юань,ыуан
ыун,ыун ,иун,юнь,ыун
за,ца ,тзар,цза,цаа
жа,ча ,я,чжа,ча
жа,ча ,ях,чжа,ча
жаи,чаи ,яы,чжай,чаи
жанг,чанг ,янг,чжан,чанг
чанг,чанг ,яанг,чан,чанг
жанг,чанг ,янк,чжан,чанг
жанг,чанг ,яанг,чжан,чанг
жао,чао ,яу,чжао,чао
жен,чен ,йенн,чжэнь,ченн
жи,чих ,йы,чжи,чи
жи,чих ,йы,чжи,чи
жи,чих ,йыы,чжи,чи
жонг,чунг ,йоонг,чжун,чонг
жоу,чоу ,йоу,чжоу,чоу
жу,чу ,юу,чжу,чу
жу,чу ,юх,чжу,чу
жуан,чуан ,юанн,чжуань,чуан
жуан,чуан ,юанн,чжуань,чуан
жуо,чо ,юо,чжо,чоо
зоу,цоу ,тзово,цзоу,цоу
зу,цу ,тзвоу,цзу,цу
зу,цу ,тзвоу,цзу,цу
зу,цу ,тзвоу,цзу,цу
зуан,цуан ,тзуанн,цзуань,цуанн
зуи,цуи ,тзуеы,цзуй,цуи
зуо,цо ,тзуох,цзо,цзо
