Chinese,Pinyin
爱,ài
爱好,ài hào
八,bā
爸爸,bàba
爸,bà
吧,ba
白,bái 
白天,bái tiān
百,bǎi
班,bān
半,bàn
半年,bàn nián
半天,bàn tiān
帮,bāng
帮忙,bāng máng
包,bāo
包子,bāo zi
杯,bēi
杯子,bēi zi
北,běi
北边,běi biān
北京,běi jīng
本,běn 
本子,běn zi
比,bǐ
别,bié
别的,bié de
别人,bié·rén
病,bìng
病人,bìng rén
不大,bú dà
不对,bú duì
不客气,bú kè qì
不用,bú yòng
不,bù
菜,cài
茶,chá
差,chà
常,cháng
常常,cháng cháng
唱,chàng
唱歌,chàng gē
车,chē
车票,chē piào
车上,chē shàng
车站,chē zhàn
吃,chī
吃饭,chī fàn
出,chū
出来,chū lái
出去,chū qù
穿,chuān
床,chuáng
次,cì 
从,cóng
错,cuò
打,dǎ 
打车,dǎ chē
打电话,dǎ diàn huà
打开,dǎ kāi
打球,dǎ qiú
大,dà
大学,dà xué
大学生,dà xué shēng
到,dào
得到,dé dào
地,de
的,de
等,děng
地,dì
地点,dìdiǎn
地方,dìfang
地上,dì shàng
地图,dìtú
弟弟,dì di
弟,dì
第,dì 
点,diǎn
电,diàn
电话,diàn huà
电脑,diànnǎo
电视,diànshì
电视机,diàn shì jī
电影,diànyǐng
电影院,diàn yǐng yuàn
东,dōng
东边,dōng biān
东西,dōngxi
动,dòng
动作,dòngzuò
都,dōu
读,dú
读书,dú shū
对,duì
对不起,duìbuqǐ
多,duō
多少,duōshao
饿,è
儿子,érzi
二,èr
饭,fàn
饭店,fàndiàn
房间,fángjiān
房子,fáng zi
放,fàng
放假,fàng jià
放学,fàng xué
飞,fēi
飞机,fēijī
非常,fēicháng
分,fēn
风,fēng
干,gān
干净,gānjìng
干,gàn
干什么,gàn shén me
高,gāo
高兴,gāoxìng
告诉,gàosu
哥哥,gē ge
哥,gē
歌,gē
个,gè
给,gěi
跟,gēn
工人,gōngrén
工作,gōngzuò
关,guān
关上,guān shàng
贵,guì
国,guó
国家,guójiā
国外,guó wài
过,guò
还,hái
还是,háishi
还有,hái yǒu
孩子,háizi
汉语,hànyǔ
汉字,hàn zì
好,hǎo
好吃,hǎochī
好看,hǎo kàn
好听,hǎo tīng
好玩儿,hǎo wánr
号,hào
喝,hē
和,hé
很,hěn
后,hòu
后边,hòu biān
后天,hòu tiān
花,huā
话,huà
坏,huài
还,huán
回,huí
回答,huídá
回到,huí dào
回家,huí jiā
回来,huí lái
回去,huí qù
会,huì
火车,huǒ chē
机场,jīchǎng
机票,jī piào
鸡蛋,jīdàn
几,jǐ
记,jì
记得,jìdé
记住,jì zhù
家,jiā
家里,jiā lǐ
家人,jiā rén
间,jiān
见,jiàn
见面,jiànmiàn
教,jiāo
叫,jiào
教学楼,jiào xué lóu
姐姐,jiě jie
姐,jiě
介绍,jièshào
今年,jīn nián
今天,jīntiān
进,jìn
进来,jìn lái
进去,jìn qù
九,jiǔ
就,jiù
觉得,juéde
开,kāi
开车,kāi chē
开会,kāi huì
开玩笑,kāiwánxiào
看,kàn
看病,kàn bìng
看到,kàn dào
看见,kànjiàn
考,kǎo
考试,kǎoshì
渴,kě
课,kè
课本,kè běn
课文,kè wén
口,kǒu
块,kuài
快,kuài
来,lái
来到,lái dào
老,lǎo
老人,lǎo rén
老师,lǎoshī
了,le
累,lèi
冷,lěng
里,lǐ
里边,lǐ biān
两,liǎng
零,líng
〇,líng
六,liù
楼,lóu
楼上,lóu shàng
楼下,lóu xià
路,lù
路口,lù kǒu
路上,lù shàng
妈妈,mā ma
妈,mā
马路,mǎ lù
马上,mǎshàng
吗,ma
买,mǎi
慢,màn
忙,máng
毛,máo
没,méi
没关系,méiguānxi
没什么,méi shén me
没事儿,méi shìr
没有,méi yǒu
妹妹,mèi mei
妹,mèi
门,mén
门口,mén kǒu
门票,mén piào
们,"men （
péng yǒu men ）"
米饭,mǐfàn
面包,miànbāo
面条儿,miàn tiáor
名字,míngzi
明白,míngbai
明年,míng nián
明天,míngtiān
拿,ná
哪,nǎ
哪里,nǎ lǐ
哪儿,nǎr
哪些,nǎ xiē
那,nà
那边,nà biān
那里,nà lǐ
那儿,nàr
那些,nà xiē
奶,nǎi
奶奶,nǎinai
男,nán
男孩儿,nán háir
男朋友,nán péng yǒu
男人,nán ren
男生,nán shēng
南,nán
南边,nán biān
难,nán
呢,ne
能,néng
你,nǐ
你们,nǐ men
年,nián
您,nín
牛奶,niúnǎi
女,nǚ
女儿,nǚ’ér
女孩儿,nǚ háir
女朋友,nǚ péng yǒu
女人,nǚ ren
女生,nǚ shēng
旁边,pángbiān
跑,pǎo
朋友,péngyou
票,piào
七,qī
起,qǐ
起床,qǐchuáng
起来,qǐlái
汽车,qì chē
前,qián
前边,qián biān
前天,qián tiān
钱,qián
钱包,qián bāo
请,qǐng
请假,qǐngjià
请进,qǐng jìn
请问,qǐng wèn
请坐,qǐng zuò
球,qiú
去,qù
去年,qùnián
热,rè
人,rén
认识,rènshi
认真,rènzhēn
日,rì
日期,rìqī
肉,ròu
三,sān
山,shān
商场,shāng chǎng
商店,shāngdiàn
上,shàng
上班,shàngbān
上边,shàng biān
上车,shàng chē
上次,shàng cì
上课,shàng kè
上网,shàngwǎng
上午,shàngwǔ
上学,shàng xué
少,shǎo
谁,shéi
身上,shēn shàng
身体,shēntǐ
什么,shénme
生病,shēngbìng
生气,shēngqì
生日,shēngrì
十,shí
时候,shíhou
时间,shíjiān
事,shì
试,shì
是,shì
是不是,shì bú shì
手,shǒu
手机,shǒujī
书,shū
书包,shū bāo
书店,shū diàn
树,shù
水,shuǐ
水果,shuǐguǒ
睡,shuì
睡觉,shuìjiào
说,shuō
说话,shuōhuà
四,sì
送,sòng
岁,suì
他,tā
他们,tā men
她,tā
她们,tā men
太,tài
天,tiān
天气,tiānqì
听,tīng
听到,tīng dào
听见,tīng jiàn
听写,tīng xiě
同学,tóngxué
图书馆,túshūguǎn
外,wài
外边,wài biān
外国,wài guó
外语,wài yǔ
玩儿,wánr
晚,wǎn
晚饭,wǎn fàn
晚上,wǎnshang
网上,wǎng shàng
网友,wǎng yǒu
忘,wàng
忘记,wàngjì
问,wèn
我,wǒ
我们,wǒmen
五,wǔ
午饭,wǔ fàn
西,xī
西边,xī biān
洗,xǐ
洗手间,xǐshǒujiān
喜欢,xǐhuan
下,xià
下班,xià bān
下边,xià biān
下车,xià chē
下次,xià cì
下课,xià kè
下午,xiàwǔ
下雨,xiàyǔ
先,xiān
先生,xiānsheng
现在,xiànzài
想,xiǎng
小,xiǎo
小孩儿,xiǎo háir
小姐,xiǎojiě
小朋友,xiǎo péng yǒu
小时,xiǎoshí
小学,xiǎo xué
小学生,xiǎo xué shēng
笑,xiào
写,xiě
谢谢,xièxie
新,xīn
新年,xīn nián
星期,xīngqī
星期日,xīng qī rì
星期天,xīng qī tiān
行,xíng
休息,xiūxi
学,xué
学生,xuésheng
学习,xuéxí
学校,xuéxiào
学院,xué yuàn
要,yào
爷爷,yéye
也,yě
页,yè
一,yī
衣服,yīfu
医生,yīshēng
医院,yīyuàn
一半,yí bàn
一会儿,yíhuìr
一块儿,yí kuàir
一下儿,yí xiàr
一样,yíyàng
一边,yìbiān
一点儿,yīdiǎnr
一起,yìqǐ
一些,yì xiē
用,yòng
有,yǒu
有的,yǒu de
有名,yǒumíng
有时候,yǒu shí hòu
有时,yǒu shí
有些,yǒu  xiē
有用,yǒu yòng
右,yòu
右边,yòubian
雨,yǔ
元,yuán
远,yuǎn
月,yuè
再,zài
再见,zàijiàn
在,zài
在家,zài jiā
早,zǎo
早饭,zǎo fàn
早上,zǎoshang
怎么,zěnme
站,zhàn
找,zhǎo
找到,zhǎo dào
这,zhè
这边,zhè biān
这里,zhè lǐ
这儿,zhèr
这些,zhè xiē
着,zhe
真,zhēn
真的,zhēn de
正,zhèng
正在,zhèngzài
知道,zhīdào
知识,zhīshi
中,zhōng
中国,zhōngguó
中间,zhōngjiān
中文,zhōngwén
中午,zhōngwǔ
中学,zhōng xué
中学生,zhōng xué shēng
重,zhòng
重要,zhòngyào
住,zhù
准备,zhǔnbèi
桌子,zhuōzi
字,zì
子,zi 
走,zǒu
走路,zǒu lù
最,zuì
最好,zuìhǎo
最后,zuìhòu
昨天,zuótiān
左,zuǒ
左边,zuǒbian
坐,zuò
坐下,zuò xià
啊 ,a
爱情,àiqíng
爱人,ài rén
安静,ānjìng
安全,ānquán
白色,bái sè
班长,bān zhǎng
办,bàn
办法,bànfǎ
办公室,bàngōngshì
半夜,bàn yè
帮助,bāngzhù
饱,bǎo
报名,bàomíng
报纸,bàozhǐ
北方,běifāng
背,bēi
比如,bǐrú
比如说,bǐ rú shuō
笔,bǐ
笔记,bǐ jì
笔记本,bǐjìběn
必须,bìxū
边,biān
变,biàn
变成,biàn chéng
遍,biàn
表,biǎo
表示,biǎoshì
不错,bú cuò
不但,bú dàn
不够,bú gòu
不过,búguò
不太,bú tài
不要,bú yào
不好意思,bù hǎo yì sī
不久,bù jiǔ
不满,bù mǎn
不如,bùrú
不少,bù shǎo
不同,bù tóng
不行,bù xíng
不一定,bù yī dìng
不一会儿,bù yī huìr
部分,bùfen
才,cái
菜单,càidān
参观,cānguān
参加,cānjiā
草,cǎo
草地,cǎo dì
层,céng
查,chá
差不多,chàbuduō
长,cháng
常见,cháng jiàn
常用,cháng yòng
场,chǎng
超过,chāoguò
超市,chāoshì
车辆,chē liàng
称¹,chēng
成,chéng
成绩,chéngjì
成为,chéngwéi
重复,chóngfù
重新,chóngxīn
出发,chūfā
出国,chū guó
出口,chū kǒu
出门,chū mén
出生,chūshēng
出现,chūxiàn
出院,chū yuàn
出租,chū zū
出租车,chūzūchē
船,chuán
吹,chuī
春节,chūn jié
春天,chūn tiān
词,cí
词典,cídiǎn
词语,cíyǔ
从小,cóng xiǎo
答应,dāying
打工,dǎgōng
打算,dǎsuàn
打印,dǎyìn
大部分,dà bù fèn
大大,dà dà
大多数,dà duō shù
大海,dà hǎi
大家,dàjiā
大量,dà liàng
大门,dà mén
大人,dà rén
大声,dà shēng
大小,dà xiǎo
大衣,dà yī
大自然,dà zì rán
带,dài
带来,dài lái
单位,dānwèi
但,dàn
但是,dàn shì
蛋,dàn
当,dāng
当时,dāngshí
倒,dǎo
到处,dàochù
倒,dào
道,dào
道理,dàolǐ
道路,dào lù
得,dé
得出,dé chū
的话,de huà
得,de
灯,dēng
等,děng
等到,děng dào
等于,děngyú
低,dī
地球,dìqiú
地铁,dìtiě
地铁站,dì tiě zhàn
点头,diǎn tóu
店,diàn
掉,diào
东北,dōng běi
东方,dōng fāng
东南,dōng nán
冬天,dōng tiān
懂,dǒng
懂得,dǒng de
动物,dòngwù
动物园,dòng wù yuán
读音,dú yīn
度,dù
短,duǎn
短信,duǎnxìn
段,duàn
队,duì
队长,duì zhǎng
对,duì
对话,duìhuà
对面,duìmiàn
多,duō
多久,duō jiǔ
多么,duōme
多数,duō shù
多云,duō yún
而且,ér qiě
发,fā
发现,fāxiàn
饭馆,fàn guǎn
方便,fāngbiàn
方便面,fāng biàn miàn
方法,fāngfǎ
方面,fāngmiàn
方向,fāngxiàng
放下,fàng xià
放心,fàngxīn
分,fēn
分开,fēn kāi
分数,fēn shù
分钟,fēnzhōng
份,fèn
封,fēng
服务,fú wù
复习,fùxí
该,gāi
改,gǎi
改变,gǎibiàn
干杯,gānbēi
感到,gǎn dào
感动,gǎndòng
感觉,gǎnjué
感谢,gǎnxiè
干活儿,gànhuór
刚,gāng
刚才,gāngcái
刚刚,gāng gāng
高级,gāojí
高中,gāo zhōng
个子,gèzi
更,gèng
公共汽车,gōnggòngqìchē
公交车,gōng jiāo chē
公斤,gōngjīn
公里,gōnglǐ
公路,gōng lù
公平,gōngpíng
公司,gōngsī
公园,gōngyuán
狗,gǒu
够,gòu
故事,gùshi
故意,gùyì
顾客,gùkè
关机,guān jī
关心,guānxīn
观点,guāndiǎn
广场,guǎngchǎng
广告,guǎnggào
国际,guójì
过来,guò lái
过年,guò nián
过去,guò qù
过,guò
海,hǎi
海边,hǎi biān
喊,hǎn
好,hǎo
好处,hǎochu
好多,hǎo duō
好久,hǎo jiǔ
好人,hǎo rén
好事,hǎo shì
好像,hǎoxiàng
合适,héshì
河,hé
黑,hēi
黑板,hēibǎn
黑色,hēi sè
红,hóng
红色,hóng sè
后来,hòulái
忽然,hūrán
湖,hú
护照,hùzhào
花,huā
花园,huā yuán
画,huà
画家,huà jiā
画儿,huàr
坏处,huài chù
坏人,huài rén
欢迎,huānyíng
换,huàn
黄,huáng
黄色,huáng sè
回,huí
回国,huí guó
会,huì
活动,huódòng
或,huò
或者,huòzhě
机会,jīhuì
鸡,jī
级,jí
急,jí
计划,jìhuà
计算机,jì suàn jī
加,jiā
加油,jiā yóu
家,jiā
家庭,jiātíng
家长,jiā zhǎng
假,jiǎ
假期,jià qī
检查,jiǎnchá
见到,jiàn dào
见过,jiàn guò
件,jiàn
健康,jiànkāng
讲,jiǎng
讲话,jiǎng huà
交,jiāo
交给,jiāo gěi
交朋友,jiāo péng yǒu
交通,jiāotōng
角,jiǎo
角度,jiǎodù
饺子,jiǎozi
脚,jiǎo
叫作,jiào zuò
教师,jiào shī
教室,jiàoshì
教学,jiào xué
教育,jiàoyù
接,jiē
接到,jiē dào
接受,jiēshòu
接下来,jiē xià lái
接着,jiēzhe
街,jiē
节,jié
节目,jiémù
节日,jiérì
结果,jiéguǒ
借,jiè
斤,jīn
今后,jīn hòu
进入,jìn rù
进行,jìnxíng
近,jìn
经常,jīngcháng
经过,jīngguò
经理,jīnglǐ
酒,jiǔ
酒店,jiǔ diàn
就要,jiù yào
举,jǔ
举手,jǔ shǒu
举行,jǔxíng
句,jù
句子,jùzi
卡,kǎ
开机,kāi jī
开心,kāixīn
开学,kāi xué
看法,kànfǎ
考生,kǎo shēng
靠,kào
科,kē
科学,kēxué
可爱,kě’ài
可能,kěnéng
可怕,kěpà
可是,kěshì
可以,kěyǐ
克,kè
刻,kè
客人,kèrén
课堂,kè táng
空气,kōngqì
哭,kū
快餐,kuài cān
快点儿,kuài diǎnr
快乐,kuàilè
快要,kuài yào
筷子,kuàizi
拉,lā
来自,láizì
蓝,lán
蓝色,lán sè
篮球,lán qiú
老,lǎo
老,lǎo 
老年,lǎo nián
老朋友,lǎo péng yǒu
老是,lǎo shì
离,lí
离开,líkāi
礼物,lǐwù
里头,lǐ tou
理想,lǐxiǎng
例如,lìrú
例子,lì zi
脸,liǎn
练,liàn
练习,liànxí
凉,liáng
凉快,liángkuai
两,liǎng
亮,liàng
辆,liàng
零下,líng xià
留,liú
留下,liú xià
留学生,liú xué shēng
流,liú
流利,liúlì
流行,liúxíng
路边,lù biān
旅客,lǚ kè
旅行,lǚxíng
旅游,lǚyóu
绿,lǜ
绿色,lǜ sè
卖,mài
满,mǎn
满意,mǎnyì
猫,māo
米,mǐ
面¹,miàn ¹
面²,miàn ²
面前,miàn qián
名,míng
名称,míng chēng
名单,míng dān
明星,míngxīng
目的,mùdì
拿出,ná chū
拿到,ná dào
那,nà
那会儿,nà huìr
那么,nà me
那时候,nà shí hou
那时,nà shí
那样,nà yàng
南方,nán fāng
难过,nánguò
难看,nán kàn
难受,nánshòu
难题,nán tí
难听,nán tīng
能够,néng gòu
年级,niánjí
年轻,niánqīng
鸟,niǎo
弄,nòng
努力,nǔlì
爬,pá
爬山,páshān
怕,pà
排,pái
排队,páiduì
排球,pái qiú
碰,pèng
碰到,pèng dào
碰见,pèng jiàn
篇,piān
便宜,piányi
片,piàn
漂亮,piàoliang
平,píng
平安,píng’ān
平常,píngcháng
平等,píngděng
平时,píngshí
瓶,píng
瓶子,píngzi
普通,pǔ tōng
普通话,pǔtōnghuà
其他,qítā
其中,qízhōng
骑,qí
骑车,qí chē
起飞,qǐfēi
气,qì
气温,qì wēn
千,qiān
千克,qiān kè
前年,qián nián
墙,qiáng
青年,qīng nián
青少年,qīngshàonián
轻,qīng
清楚,qīngchu
晴,qíng
晴天,qíng tiān
请客,qǐng kè
请求,qǐngqiú
秋天,qiū tiān
求,qiú
球场,qiú chǎng
球队,qiú duì
球鞋,qiú xié
取,qǔ
取得,qǔ dé
全,quán
全部,quánbù
全国,quán guó
全家,quán jiā
全年,quán nián
全身,quán shēn
全体,quán tǐ
然后,ránhòu
让,ràng
热情,rèqíng
人口,rénkǒu
人们,rén men
人数,rén shù
认为,rènwéi
日报,rì bào
日子,rìzi
如果,rúguǒ
入口,rùkǒu
商量,shāngliang
商人,shāng rén
上周,shàng zhōu
少数,shǎo shù
少年,shào nián
身边,shēn biān
什么样,shén me yàng
生,shēng
生词,shēng cí
生活,shēnghuó
声音,shēngyīn
省,shěng
省,shěng
十分,shífēn
实际,shíjì
实习,shíxí
实现,shíxiàn
实在,shízài
实在,shízai
食物,shíwù
使用,shǐyòng
市,shì
市长,shì zhǎng
事情,shìqing
收,shōu
收到,shōu dào
收入,shōurù
手表,shǒubiǎo
受到,shòudào
舒服,shūfu
熟,shú
数,shǔ
数字,shùzì
水平,shuǐpíng
顺利,shùnlì
说明,shuōmíng
司机,sījī
送到,sòng dào
送给,sòng gěi
算,suàn
虽然,suī rán
随便,suíbiàn
随时,suíshí
所以,suǒ yǐ
所有,suǒyǒu
它,tā
它们,tā men
太太,tàitai
太阳,tàiyáng
态度,tàidu
讨论,tǎolùn
套,tào
特别,tèbié
特点,tèdiǎn
疼,téng
提,tí
提出,tí chū
提到,tí dào
提高,tígāo
题,tí
体育,tǐyù
体育场,tǐ yù chǎng
体育馆,tǐ yù guǎn
天上,tiān shàng
条,tiáo
条件,tiáojiàn
听讲,tīng jiǎng
听说,tīng shuō
停,tíng
停车,tíng chē
停车场,tíng chē chǎng
挺,tǐng
挺好,tǐng hǎo
通,tōng
通过,tōngguò
通知,tōngzhī
同时,tóngshí
同事,tóngshì
同样,tóng yàng
头,tóu
头,tóu
头发,tóufa
图片,tú piàn
推,tuī
腿,tuǐ
外地,wài dì
外卖,wài mài
完,wán
完成,wánchéng
完全,wánquán
晚安,wǎn ān
晚报,wǎn bào
晚餐,wǎn cān
晚会,wǎn huì
碗,wǎn
万,wàn
网,wǎng
网球,wǎngqiú
网站,wǎngzhàn
往,wǎng
为,wèi
为什么,wèishénme
位,wèi
味道,wèidào
喂,wèi
温度,wēndù
闻,wén
问路,wèn lù
问题,wèntí
午餐,wǔ cān
午睡,wǔ shuì
西北,xī běi
西餐,xī cān
西方,xī fāng
西南,xī nán
西医,xī yī
习惯,xíguàn
洗衣机,xǐ yī jī
洗澡,xǐzǎo
下,xià
下雪,xià xuě
下周,xià zhōu
夏天,xià tiān
相同,xiāngtóng
相信,xiāngxìn
响,xiǎng
想到,xiǎng dào
想法,xiǎng fǎ
想起,xiǎng qǐ
向,xiàng
相机,xiàng jī
像,xiàng
小,xiǎo 
小声,xiǎo shēng
小时候,xiǎo shí hou
小说,xiǎoshuō
小心,xiǎoxīn
小组,xiǎo zǔ
校园,xiào yuán
校长,xiàozhǎng
笑话,xiàohua
笑话儿,xiào huàr
鞋,xié
心里,xīn lǐ
心情,xīnqíng
心中,xīn zhōng
新闻,xīnwén
信,xìn
信号,xìnhào
信息,xìnxī
信心,xìnxīn
信用卡,xìnyòngkǎ
星星,xīng xing
行动,xíngdòng
行人,xíngrén
行为,xíngwéi
姓,xìng
姓名,xìng míng
休假,xiū jià
许多,xǔduō
选,xuǎn
学期,xuéqī
雪,xuě
颜色,yánsè
眼,yǎn
眼睛,yǎnjing
养,yǎng
样子,yàngzi
要求,yāoqiú
药,yào
药店,yào diàn
药片,yào piàn
药水,yào shuǐ
也许,yěxǔ
夜,yè
夜里,yè lǐ
一部分,yí bù fèn
一定,yídìng
一共,yígòng
一会儿,yí huìr
一路平安,yí lù píng ān
一路顺风,yí lù shùn fēng
已经,yǐjīng
以后,yǐ hòu
以前,yǐqián
以上,yǐ shàng
以外,yǐ wài
以为,yǐwéi
以下,yǐ xià
椅子,yǐzi
一般,yìbān
一点点,yì diǎn diǎn
一生,yì shēng
一直,yìzhí
亿,yì
意见,yìjiàn
意思,yìsi
因为,yīn wèi
阴,yīn
阴天,yīn tiān
音节,yīn jié
音乐,yīnyuè
音乐会,yīn yuè huì
银行,yínháng
银行卡,yín háng kǎ
应该,yīnggāi
英文,yīng wén
英语,yīng yǔ
影片,yǐng piàn
影响,yǐngxiǎng
永远,yǒngyuǎn
油,yóu
游客,yóu kè
友好,yǒuhǎo
有空儿,yǒu kòngr
有人,yǒu rén
有点儿,yǒu  diǎnr
有意思,yǒu yì si
又,yòu
鱼,yú
语言,yǔyán
原来,yuánlái
原因,yuányīn
院,yuàn
院长,yuàn zhǎng
院子,yuàn zi
愿意,yuànyì
月份,yuè fèn
月亮,yuèliang
越,yuè
越来越,yuè lái yuè
云,yún
运动,yùndòng
咱,zán
咱们,zánmen
脏,zāng
早餐,zǎo cān
早晨,zǎo chén
早就,zǎo jiù
怎么办,zěn me bàn
怎么样,zěnmeyàng
怎样,zěn yàng
占,zhàn
站,zhàn
站住,zhàn zhù
长,zhǎng
长大,zhǎng dà
找出,zhǎo chū
照顾,zhàogù
照片,zhàopiàn
照相,zhào xiàng
这么,zhè me
这时候,zhè shí hou
这时,zhè shí
这样,zhè yàng
真正,zhēnzhèng
正常,zhèngcháng
正好,zhènghǎo
正确,zhèngquè
正是,zhèng shì
直接,zhíjiē
只,zhǐ
只能,zhǐ néng
只要,zhǐyào
纸,zhǐ
中餐,zhōng cān
中级,zhōng jí
中年,zhōng nián
中小学,zhōng xiǎo xué
中心,zhōngxīn
中医,zhōng yī
重点,zhòngdiǎn
重视,zhòngshì
周,zhōu
周末,zhōumò
周年,zhōunián
主人,zhǔrén
主要,zhǔyào
住房,zhù fáng
住院,zhù yuàn
装,zhuāng
准确,zhǔnquè
自己,zìjǐ
自行车,zìxíngchē
自由,zìyóu
字典,zì diǎn
走过,zǒu guò
走进,zǒu jìn
走开,zǒu kāi
租,zū
组,zǔ
组成,zǔchéng
组长,zǔ zhǎng
嘴,zuǐ
最近,zuìjìn
作家,zuòjiā
作文,zuòwén
作业,zuòyè
作用,zuòyòng
座,zuò
座位,zuòwèi
做到,zuò dào
做法,zuò fǎ
爱心,àixīn
安排,ānpái
安装,ānzhuāng
按,àn
按照,ànzhào
把,bǎ
把,bǎ
把握,bǎwò
白,bái
白菜,bái cài
班级,bān jí
搬,bān
搬家,bān jiā
板,bǎn
办理,bànlǐ
保,bǎo
保安,bǎo ān
保持,bǎochí
保存,bǎocún
保护,bǎohù
保留,bǎoliú
保险,bǎoxiǎn
保证,bǎozhèng
报,bào
报到,bàodào
报道,bàodào
报告,bàogào
背,bèi
北部,běi bù
背,bèi
背后,bèi hòu
被,bèi
被子,bèizi
本来,běnlái
本领,běnlǐng
本事,běnshi
比较,bǐjiào
比例,bǐlì
比赛,bǐsài
必然,bìrán
必要,bìyào
变化,biànhuà
变为,biàn wéi
标题,biāotí
标准,biāozhǔn
表达,biǎodá
表格,biǎogé
表面,biǎomiàn
表明,biǎomíng
表现,biǎoxiàn
表演,biǎoyǎn
并,bìng
并且,bìngqiě
播出,bō chū
播放,bōfàng
不必,bú bì
不断,búduàn
不论,bú lùn
补,bǔ
补充,bǔchōng
不安,bù’ān
不得不,bùdébù
不光,bù guāng
不仅,bùjǐn
布,bù
步,bù
部,bù
部门,bùmén
部长,bù zhǎng
才能,cái néng
采取,cǎiqǔ
采用,cǎi yòng
彩色,cǎi sè
曾经,céngjīng
产生,chǎnshēng
长城,Chángchéng
长处,cháng chù
长期,cháng qī
厂,chǎng
场合,chǎnghé
场所,chǎngsuǒ
超级,chāojí
朝,cháo
吵,chǎo
吵架,chǎojià
衬衫,chènshān
衬衣,chèn yī
称为,chēng wéi
成功,chénggōng
成果,chéngguǒ
成就,chéngjiù
成立,chénglì
成熟,chéngshú
成员,chéngyuán
成长,chéngzhǎng
城,chéng
城市,chéngshì
程度,chéngdù
持续,chíxù
充满,chōngmǎn
重,zhòng
初,chū
初,chū 
初步,chūbù
初级,chūjí
初中,chū zhōng
除了,chúle
处理,chǔlǐ
传,chuán
传播,chuánbō
传来,chuán lái
传说,chuánshuō
创新,chuàngxīn
创业,chuàngyè
创造,chuàngzào
创作,chuàngzuò
从来,cónglái
从前,cóngqián
从事,cóngshì
村,cūn
存,cún
存在,cúnzài
错误,cuòwù
达到,dádào
打破,dǎ pò
打听,dǎting
大概,dàgài
大使馆,dàshǐguǎn
大约,dàyuē
大夫,dàifu
代,dài
代表,dàibiǎo
代表团,dài biǎo tuán
带动,dài dòng
带领,dàilǐng
单元,dānyuán
当初,dāngchū
当地,dāngdì
当然,dāngrán
当中,dāng zhōng
刀,dāo
导演,dǎoyǎn
到达,dàodá
到底,dàodǐ
得分,dé fēn
等待,děngdài
底下,dǐ xià
地区,dìqū
电视剧,diàn shì jù
电视台,diàn shì tái
电台,diàntái
电子邮件,diànzǐyóujiàn
调,diào
调查,diàochá
订,dìng
定期,dìngqī
东部,dōng bù
动力,dònglì
动人,dòng rén
读者,dú zhě
短处,duǎn chù
短裤,duǎn kù
短期,duǎn qī
断,duàn
队员,duì yuán
对待,duìdài
对方,duìfāng
对手,duìshǒu
对象,duìxiàng
顿,dùn
发表,fābiǎo
发出,fā chū
发达,fādá
发动,fādòng
发明,fāmíng
发生,fāshēng
发送,fā sòng
发言,fāyán
发展,fāzhǎn
反对,fǎnduì
反复,fǎnfù
反应,fǎnyìng
反正,fǎnzhèng
范围,fànwéi
方式,fāngshì
防,fáng
防止,fángzhǐ
房东,fángdōng
房屋,fáng wū
房租,fáng zū
访问,fǎngwèn
放到,fàng dào
飞行,fēi xíng
费,fèi
费用,fèi yòng
分别,fēnbié
分配,fēnpèi
分组,fēn zǔ
丰富,fēngfù
风险,fēngxiǎn
否定,fǒudìng
否认,fǒurèn
服装,fúzhuāng
福,fú
父母,fù mǔ
父亲,fùqīn
付,fù
负责,fùzé
复印,fùyìn
复杂,fùzá
富,fù
改进,gǎijìn
改造,gǎi zào
概念,gàiniàn
赶,gǎn
赶到,gǎn dào
赶紧,gǎnjǐn
赶快,gǎnkuài
敢,gǎn
感冒,gǎnmào
感情,gǎnqíng
感受,gǎnshòu
干吗,gàn má
高速,gāo sù
高速公路,gāosùgōnglù
告别,gàobié
歌迷,gē mí
歌声,gē shēng
歌手,gē shǒu
个人,gèrén
个性,gèxìng
各,gè
各地,gè dì
各位,gè wèi
各种,gè zhǒng
各自,gèzì
根本,gēnběn
更加,gèng jiā
工厂,gōngchǎng
工程师,gōngchéngshī
工夫,gōng fu
工具,gōngjù
工业,gōngyè
工资,gōngzī
公布,gōngbù
公共,gōng gòng
公开,gōngkāi
公民,gōngmín
公务员,gōng wù yuán
功夫,gōngfu
功课,gōng kè
功能,gōngnéng
共同,gòngtóng
共有,gòng yǒu
姑娘,gūniang
古,gǔ
古代,gǔdài
故乡,gùxiāng
挂,guà
关系,guānxì
关注,guān zhù
观察,guānchá
观看,guān kàn
观念,guānniàn
观众,guānzhòng
管,guǎn
管理,guǎnlǐ
光,guāng
光明,guāngmíng
广播,guǎngbō
广大,guǎngdà
规定,guīdìng
规范,guīfàn
国内,guó nèi
国庆,guó qìng
果然,guǒrán
果汁,guǒzhī
过程,guòchéng
过去,guò qù
哈哈,hā hā
海关,hǎiguān
害怕,hàipà
行,háng
好好,hǎo hǎo
好奇,hàoqí
合,hé
合法,héfǎ
合格,hégé
合理,hélǐ
合作,hézuò
和平,hépíng
红茶,hóng chá
红酒,hóng jiǔ
后果,hòuguǒ
后面,hòumiàn
后年,hòu nián
互联网,hùliánwǎng
互相,hùxiāng
划船,huá chuán
华人,huá rén
化,huà 
话剧,huà jù
话题,huàtí
欢乐,huānlè
环,huán
环保,huán bǎo
环境,huánjìng
会议,huìyì
会员,huì yuán
活,huó
火,huǒ
机器,jīqì
积极,jījí
基本,jīběn
基本上,jī běn shàng
基础,jīchǔ
及时,jíshí
…极了,… jí le
集体,jítǐ
集中,jízhōng
计算,jìsuàn
记录,jìlù
记者,jìzhě
纪录,jìlù
纪念,jìniàn
技术,jìshù
继续,jìxù
加工,jiāgōng
加快,jiā kuài
加强,jiā qiáng
家具,jiājù
家属,jiāshǔ
家乡,jiāxiāng
价格,jiàgé
价钱,jià qián
价值,jiàzhí
架,jià
坚持,jiānchí
坚决,jiānjué
坚强,jiānqiáng
简单,jiǎndān
简直,jiǎnzhí
建,jiàn
建成,jiàn chéng
建立,jiànlì
建设,jiànshè
建议,jiànyì
将近,jiāngjìn
将来,jiānglái
交费,jiāo fèi
交警,jiāo jǐng
交流,jiāoliú
交往,jiāowǎng
交易,jiāoyì
叫,jiào
较,jiào
教材,jiàocái
教练,jiàoliàn
结实,jiēshi
接待,jiēdài
接近,jiējìn
节约,jiéyuē
结合,jiéhé
结婚,jiéhūn
结束,jiéshù
解决,jiějué
解开,jiě kāi
金,jīn
金牌,jīn pái
仅,jǐn
仅仅,jǐn jǐn
尽量,jǐnliàng
紧,jǐn
紧急,jǐnjí
紧张,jǐnzhāng
进步,jìnbù
进一步,jìn yí bù
进展,jìnzhǎn
近期,jìn qī
京剧,jīngjù
经济,jīngjì
经历,jīnglì
经验,jīngyàn
经营,jīngyíng
精彩,jīngcǎi
精神,jīngshén
精神,jīngshen
景色,jǐngsè
警察,jǐngchá
静,jìng
久,jiǔ
旧,jiù
救,jiù
就是,jiù shì
就业,jiùyè
举办,jǔbàn
具体,jùtǐ
具有,jù yǒu
剧场,jù chǎng
据说,jùshuō
决定,juédìng
决赛,juésài
决心,juéxīn
绝对,juéduì
咖啡,kāfēi
开发,kāifā
开放,kāifàng
开始,kāishǐ
开业,kāi yè
开展,kāizhǎn
看起来,kàn qǐ lái
看上去,kàn shàng qù
考验,kǎoyàn
科技,kē jì
可靠,kěkào
可乐,kě lè
克服,kèfú
客观,kèguān
课程,kèchéng
空,kōng
空调,kōngtiáo
恐怕,kǒngpà
空儿,kòngr
裤子,kùzi
快速,kuài sù
困,kùn
困难,kùnnán
浪费,làngfèi
老百姓,lǎobǎixìng
老板,lǎobǎn
老太太,lǎo tài tai
老头儿,lǎo tóur
乐,lè
乐观,lèguān
类,lèi
类似,lèisì
离婚,líhūn
里面,lǐ miàn
理发,lǐfà
理解,lǐjiě
理论,lǐlùn
理由,lǐyóu
力,lì
力量,lìliàng
立刻,lìkè
利用,lìyòng
连,lián
连忙,liánmáng
连续,liánxù
连续剧,lián xù jù
联合,liánhé
联合国,lián hé guó
联系,liánxì
凉水,liáng shuǐ
了,le
领,lǐng
领导,lǐngdǎo
领先,lǐngxiān
另外,lìngwài
另一方面,lìng yì fāng miàn
留学,liúxué
龙,lóng
录,lù
录音,lùyīn
路线,lù xiàn
旅馆,lǚ guǎn
旅行社,lǚ xíng shè
绿茶,lǜ chá
乱,luàn
落后,luòhòu
麻烦,máfan
马,mǎ
满足,mǎnzú
慢慢,màn màn
毛,máo
毛病,máobìng
没用,méi yòng
媒体,méitǐ
每,měi
美,měi
美好,měi hǎo
美丽,měilì
美食,měi shí
美术,měishù
美元,měi yuán
迷,mí
米,mǐ
面对,miànduì
面积,miànjī
民间,mínjiān
民族,mínzú
明确,míngquè
明显,míngxiǎn
命运,mìngyùn
某,mǒu
母亲,mǔqīn
木头,mùtou
目标,mùbiāo
目前,mùqián
奶茶,nǎi chá
男子,nán zǐ
南部,nán bù
难道,nándào
难度,nán dù
内,nèi
内容,nèiróng
内心,nèi xīn
能不能,néng bù néng
能力,nénglì
年初,nián chū
年代,niándài
年底,nián dǐ
年纪,niánjì
念,niàn
牛,niú
农村,nóngcūn
农民,nóngmín
农业,nóngyè
女子,nǚ zǐ
暖和,nuǎnhuo
怕,pà
拍,pāi
排,pái
排名,pái míng
牌子,pái zi
派,pài
判断,pànduàn
胖,pàng
跑步,pǎobù
配,pèi
配合,pèihé
批评,pīpíng
批准,pīzhǔn
皮,pí
皮包,pí bāo
啤酒,píjiǔ
票价,piào jià
评价,píngjià
苹果,píngguǒ
破,pò
破坏,pòhuài
普遍,pǔbiàn
普及,pǔjí
期,qī
齐,qí
其次,qícì
其实,qíshí
奇怪,qíguài
气候,qìhòu
千万,qiānwàn
前后,qián hòu
前进,qián jìn
前面,qiánmiàn
前往,qián wǎng
强,qiáng
强大,qiáng dà
强调,qiángdiào
强烈,qiángliè
桥,qiáo
巧,qiǎo
亲,qīn
亲切,qīnqiè
亲人,qīn rén
亲自,qīnzì
情感,qíng gǎn
情况,qíngkuàng
请教,qǐngjiào
庆祝,qìngzhù
球迷,qiúmí
区,qū
区别,qūbié
取消,qǔxiāo
去世,qùshì
全场,quán chǎng
全面,quánmiàn
全球,quán qiú
缺,quē
缺点,quēdiǎn
缺少,quēshǎo
确保,quèbǎo
确定,quèdìng
确实,quèshí
裙子,qúnzi
群,qún
热爱,rè’ài
热烈,rèliè
人才,réncái
人工,réngōng
人类,rénlèi
人民,rén mín
人民币,rénmínbì
人群,rén qún
人生,rénshēng
人员,rényuán
认出,rèn chū
认得,rèn dé
认可,rènkě
任,rèn
任,rèn
任何,rènhé
任务,rènwu
仍,réng
仍然,réngrán
日常,rìcháng
容易,róngyì
如何,rúhé
散步,sànbù
沙发,shāfā
沙子,shā zi
伤,shāng
伤心,shāngxīn
商品,shāngpǐn
商业,shāngyè
上来,shàng lái
上面,shàng miàn
上去,shàng qù
上升,shàng shēng
上衣,shàng yī
设备,shèbèi
设计,shèjì
设立,shèlì
社会,shèhuì
身份证,shēn fèn zhèng
深,shēn
深刻,shēnkè
深入,shēn rù
升,shēng
生,shēng
生产,shēngchǎn
生存,shēngcún
生动,shēngdòng
生命,shēngmìng
生意,shēngyi
生长,shēngzhǎng
声明,shēngmíng
胜,shèng
胜利,shènglì
失去,shīqù
石头,shítou
石油,shíyóu
时,shí
时代,shídài
时刻,shíkè
实际上,shí jì shàng
实力,shílì
实行,shíxíng
实验,shíyàn
实验室,shí yàn shì
食品,shí pǐn
使,shǐ
始终,shǐzhōng
世纪,shìjì
世界,shìjiè
世界杯,shì jiè bēi
市场,shìchǎng
事故,shìgù
事件,shìjiàn
事实,shìshí
事实上,shì shí shàng
事业,shìyè
试题,shì tí
试验,shìyàn
适合,shìhé
适应,shìyìng
适用,shì yòng
室,shì
收费,shōu fèi
收看,shōu kàn
收听,shōu tīng
收音机,shōuyīnjī
手续,shǒuxù
手指,shǒuzhǐ
首都,shǒudū
首先,shǒuxiān
受,shòu
受伤,shòushāng
书架,shūjià
输,shū
输入,shūrù
熟人,shú rén
属,shǔ
属于,shǔyú
束,shù
数量,shùliàng
双,shuāng
双方,shuāngfāng
思想,sīxiǎng
死,sǐ
速度,sùdù
随,suí
所,suǒ
所长,suǒ zhǎng
台,tái
谈,tán
谈话,tán huà
谈判,tánpàn
汤,tāng
糖,táng
特色,tèsè
提前,tíqián
提问,tíwèn
题目,tímù
体会,tǐhuì
体现,tǐxiàn
体验,tǐyàn
天空,tiānkōng
甜,tián
调,tiáo
调整,tiáozhěng
跳,tiào
跳高,tiào gāo
跳舞,tiàowǔ
跳远,tiào yuǎn
铁,tiě
铁路,tiě lù
听力,tīng lì
听众,tīng zhòng
停止,tíng zhǐ
通常,tōngcháng
通信,tōng xìn
同意,tóngyì
痛,tòng
痛苦,tòngkǔ
头,tóu
头脑,tóu nǎo
突出,tūchū
突然,tūrán
图,tú
图画,tú huà
土,tǔ
团,tuán
团结,tuánjié
团体,tuántǐ
推动,tuī dòng
推广,tuīguǎng
推进,tuī jìn
推开,tuī kāi
退,tuì
退出,tuì chū
退休,tuìxiū
外交,wàijiāo
外面,wài miàn
外文,wài wén
完美,wánměi
完善,wánshàn
完整,wánzhěng
玩具,wánjù
往往,wǎngwǎng
危害,wēihài
危险,wēixiǎn
为,wéi
为,wèi
围,wéi
伟大,wěidà
卫生,wèi shēng
卫生间,wèishēngjiān
为了,wèile
温暖,wēnnuǎn
文化,wénhuà
文件,wénjiàn
文明,wénmíng
文学,wénxué
文章,wénzhāng
文字,wénzì
握手,wòshǒu
屋子,wūzi
武器,wǔqì
武术,wǔshù
舞台,wǔ tái
西部,xī bù
希望,xīwàng
系,xì
下来,xià lái
下面,xià miàn
下去,xià qù
先进,xiānjìn
显得,xiǎnde
显然,xiǎnrán
显示,xiǎnshì
现场,xiànchǎng
现代,xiàndài
现金,xiànjīn
现实,xiànshí
现象,xiànxiàng
线,xiàn
相比,xiāng bǐ
相当,xiāngdāng
相关,xiāngguān
相互,xiāng hù
相似,xiāngsì
香,xiāng
香蕉,xiāngjiāo
消费,xiāofèi
消失,xiāoshī
消息,xiāoxi
效果,xiàoguǒ
写作,xiězuò
血,xuè
心,xīn
信,xìn
信封,xìnfēng
信任,xìnrèn
行李,xíng lǐ
形成,xíngchéng
形式,xíngshì
形象,xíngxiàng
形状,xíngzhuàng
幸福,xìngfú
幸运,xìngyùn
性,xìng 
性别,xìngbié
性格,xìnggé
修,xiū
修改,xiūgǎi
需求,xūqiú
需要,xūyào
宣布,xuānbù
宣传,xuānchuán
选手,xuǎnshǒu
学费,xué fèi
训练,xùnliàn
压,yā
压力,yālì
烟,yān
眼前,yǎn qián
演,yǎn
演唱,yǎn chàng
演唱会,yǎn chàng huì
演出,yǎnchū
演员,yǎnyuán
羊,yáng
阳光,yángguāng
要是,yàoshi
衣架,yī jià
一切,yíqiè
已,yǐ
以来,yǐlái
一方面,yì fāng miàn
艺术,yìshù
意外,yìwài
意义,yìyì
因此,yīncǐ
银,yín
银牌,yín pái
印象,yìnxiàng
应当,yīng dāng
迎接,yíngjiē
营养,yíngyǎng
赢,yíng
影视,yǐng shì
应用,yìngyòng
优点,yōudiǎn
优势,yōushì
由,yóu
由于,yóuyú
邮件,yóu jiàn
邮票,yóu piào
邮箱,yóu xiāng
游,yóu
游戏,yóuxì
游泳,yóuyǒng
有的是,yǒu de shì
有利,yǒulì
有效,yǒu xiào
预报,yùbào
预防,yùfáng
预计,yù jì
预习,yùxí
员,yuán 
员工,yuángōng
愿望,yuànwàng
约,yuē
乐队,yuè duì
运输,yùnshū
杂志,zázhì
早已,zǎo yǐ
造,zào
造成,zàochéng
责任,zérèn
增加,zēngjiā
增长,zēng zhǎng
展开,zhǎnkāi
张,zhāng
照,zhào
者,zhě 
真实,zhēnshí
争,zhēng
争取,zhēngqǔ
整,zhěng
整个,zhěnggè
整理,zhěnglǐ
整齐,zhěngqí
整体,zhěngtǐ
整天,zhěng tiān
整整,zhěng zhěng
正,zhèng
正式,zhèngshì
证,zhèng
证件,zhèngjiàn
证据,zhèngjù
证明,zhèngmíng
支,zhī
支持,zhīchí
支付,zhī fù
只,zhī
直,zhí
直播,zhíbō
直到,zhí dào
值,zhí
值得,zhíde
职工,zhí gōng
职业,zhíyè
只好,zhǐhǎo
只是,zhǐ shì
只有,zhǐ yǒu
指,zhǐ
指出,zhǐ chū
指导,zhǐdǎo
至今,zhìjīn
至少,zhìshǎo
志愿,zhì yuàn
志愿者,zhìyuànzhě
制定,zhìdìng
制度,zhìdù
制造,zhìzào
制作,zhìzuò
中部,zhōng bù
中华民族,zhōng huá mín zú
终于,zhōngyú
钟,zhōng
种,zhǒng
种子,zhǒngzi
重大,zhòngdà
周围,zhōuwéi
猪,zhū
主持,zhǔchí
主动,zhǔdòng
主任,zhǔrèn
主意,zhǔyi
主张,zhǔzhāng
注意,zhùyì
祝,zhù
抓,zhuā
抓住,zhuā zhù
专家,zhuānjiā
专门,zhuānmén
专题,zhuāntí
专业,zhuānyè
转,zhuàn
转变,zhuǎnbiàn
状况,zhuàngkuàng
状态,zhuàngtài
追,zhuī
准,zhǔn
资格,zīgé
资金,zījīn
子女,zǐ nǚ
自从,zìcóng
自动,zìdòng
自觉,zìjué
自然,zìrán
自身,zì shēn
自主,zìzhǔ
总,zǒng
总结,zǒngjié
总是,zǒngshì
足够,zú gòu
足球,zú qiú
组合,zǔhé
左右,zuǒyòu
作品,zuòpǐn
作者,zuòzhě
阿姨,āyí
啊,a
矮,ǎi
矮小,ǎi xiǎo
爱国,ài guó
爱护,àihù
安,ān
安置,ānzhì
按时,ànshí
暗,àn
暗示,ànshì
巴士,bā shì
百货,bǎi huò
摆,bǎi
摆动,bǎi dòng
摆脱,bǎituō
败,bài
办事,bàn shì
包裹,bāoguǒ
包含,bāohán
包括,bāokuò
薄,báo
宝,bǎo
宝宝,bǎo bao
宝贝,bǎobèi
宝贵,bǎoguì
宝石,bǎo shí
保密,bǎomì
保守,bǎoshǒu
抱,bào
背景,bèijǐng
倍,bèi
被迫,bèi pò
本科,běnkē
笨,bèn
比分,bǐ fēn
毕业,bìyè
毕业生,bì yè shēng
避,bì
避免,bìmiǎn
编,biān
辩论,biànlùn
标志,biāozhì
表情,biǎoqíng
表扬,biǎoyáng
别,bié
冰,bīng
冰箱,bīngxiāng
冰雪,bīng xuě
兵,bīng
并,bìng
不要紧,búyàojǐn
不在乎,bú zài hū
不管,bùguǎn
不然,bùrán
布置,bùzhì
步行,bù xíng
擦,cā
才,cái
材料,cáiliào
财产,cáichǎn
财富,cáifù
采访,cǎifǎng
参考,cānkǎo
参与,cānyù
操场,cāochǎng
操作,cāozuò
测,cè
测量,cèliáng
测试,cè shì
曾,céng
茶叶,chá yè
产品,chǎnpǐn
长途,chángtú
常识,chángshí
唱片,chàng piàn
抄,chāo
抄写,chāo xiě
潮,cháo
潮流,cháoliú
潮湿,cháoshī
彻底,chèdǐ
沉,chén
沉默,chénmò
沉重,chénzhòng
称赞,chēngzàn
成人,chéngrén
诚实,chéngshí
诚信,chéng xìn
承担,chéngdān
承认,chéngrèn
承受,chéngshòu
程序,chéngxù
吃惊,chījīng
迟到,chídào
尺,chǐ
尺寸,chǐ cùn
尺子,chǐzi
冲,chōng
充电,chōng diàn
充电器,chōngdiànqì
充分,chōngfèn
虫子,chóng zi
抽,chōu
抽奖,chōu jiǎng
抽烟,chōuyān
出口,chūkǒu
出色,chūsè
出售,chū shòu
出席,chūxí
处于,chǔ yú
处,chǔ
穿上,chuān shàng
传统,chuántǒng
窗户,chuānghu
窗台,chuāng tái
窗子,chuāng zi
春季,chūn jì
纯,chún
纯净水,chún jìng shuǐ
词汇,cíhuì
此,cǐ
此外,cǐwài
次,cì
刺,cì
刺激,cìjī
从此,cóngcǐ
粗,cū
粗心,cūxīn
促进,cùjìn
促使,cùshǐ
促销,cù xiāo
措施,cuòshī
打,dǎ
答案,dá’àn
打败,dǎ bài
打雷,dǎ léi
打扫,dǎsǎo
打折,dǎzhé
打针,dǎzhēn
大巴,dà bā
大多,dà duō
大方,dàfang
大哥,dà gē
大规模,dà guī mó
大会,dà huì
大姐,dà jiě
大楼,dà lóu
大陆,dà lù
大妈,dà mā
大型,dàxíng
大爷,dà ye
大众,dà zhòng
代替,dàitì
待遇,dàiyù
袋,dài
戴,dài
担保,dānbǎo
担任,dānrèn
担心,dānxīn
单,dān
单纯,dānchún
单调,dāndiào
单独,dāndú
淡,dàn
导游,dǎoyóu
导致,dǎozhì
倒闭,dǎobì
倒车,dǎo chē
倒车,dào chē
得意,déyì
得,děi
灯光,dēng guāng
登,dēng
登记,dēngjì
登录,dēnglù
登山,dēng shān
的确,díquè
敌人,dírén
底,dǐ
地方,dìfang
地面,dì miàn
地位,dìwèi
地下,dì xià
地址,dìzhǐ
典型,diǎnxíng
点名,diǎn míng
电灯,diàn dēng
电动车,diàn dòng chē
电梯,diàntī
电源,diànyuán
顶,dǐng
定,dìng
冬季,dōng jì
动画片,dònghuàpiàn
动摇,dòng yáo
豆腐,dòufu
独立,dúlì
独特,dútè
独自,dú zì
堵,dǔ
堵车,dǔchē
肚子,dùzi
度过,dùguò
锻炼,duànliàn
对比,duìbǐ
对付,duìfu
对于,duìyú
多次,duō cì
多年,duō nián
多样,duō yàng
多种,duō zhǒng
恶心,ěxin
儿童,értóng
而,ér
而是,ér shì
耳机,ěr jī
二手,èr shǒu
发挥,fāhuī
发票,fāpiào
发烧,fāshāo
法,fǎ
法官,fǎ guān
法律,fǎlǜ
法院,fǎyuàn
翻,fān
翻译,fānyì
烦,fán
反,fǎn
反而,fǎn’ér
反映,fǎnyìng
方,fāng
方案,fāng’àn
方针,fāngzhēn
放松,fàngsōng
非,fēi
肥,féi
分布,fēnbù
分散,fēnsàn
分手,fēnshǒu
分为,fēn wéi
…分之…,… fēn zhī …
纷纷,fēnfēn
奋斗,fèndòu
风格,fēnggé
风景,fēngjǐng
风俗,fēngsú
封闭,fēngbì
否则,fǒuzé
夫妇,fūfù
夫妻,fū qī
夫人,fūrén
符号,fúhào
符合,fúhé
付出,fù chū
负担,fùdān
附近,fùjìn
复制,fùzhì
改善,gǎishàn
改正,gǎizhèng
盖,gài
概括,gàikuò
感兴趣,gǎnxìngqù
高潮,gāocháo
高价,gāo jià
高尚,gāoshàng
高铁,gāo tiě
格外,géwài
隔,gé
隔开,gé kāi
个别,gèbié
个体,gètǐ
各个,gè gè
根,gēn
根据,gēnjù
工程,gōng chéng
公元,gōngyuán
供应,gōng yìng
共,gòng
构成,gòuchéng
构造,gòu zào
购买,gòu mǎi
购物,gòuwù
骨头,gǔtou
固定,gùdìng
瓜,guā
怪,guài
关,guān
关闭,guānbì
关于,guānyú
官,guān
官方,guānfāng
光临,guānglín
光盘,guāngpán
逛,guàng
归,guī
规律,guīlǜ
规模,guīmó
规则,guīzé
果实,guǒshí
过分,guòfèn
海水,hǎi shuǐ
海鲜,hǎixiān
含,hán
含量,hán liàng
含义,hányì
含有,hán yǒu
寒假,hánjià
寒冷,hán lěng
行业,hángyè
航班,hángbān
航空,hángkōng
毫米,háomǐ
毫升,háo shēng
好友,hǎo yǒu
号码,hàomǎ
好,hǎo
合同,hétong
黑暗,hēi àn
红包,hóng bāo
后头,hòu tou
厚,hòu
呼吸,hūxī
忽视,hūshì
户,hù
护士,hùshi
花,huā
划,huá
划,huà
怀念,huáiniàn
怀疑,huáiyí
缓解,huǎnjiě
黄瓜,huáng guā
黄金,huángjīn
回复,huí fù
汇,huì
汇报,huìbào
汇率,huìlǜ
婚礼,hūnlǐ
火,huǒ
伙,huǒ
伙伴,huǒbàn
或许,huòxǔ
货,huò
获,huò
获得,huòdé
获奖,huò jiǎng
获取,huò qǔ
几乎,jīhū
机构,jīgòu
机遇,jīyù
积累,jīlěi
激动,jīdòng
激烈,jīliè
及格,jígé
极,jí
极其,jíqí
即将,jíjiāng
急忙,jímáng
集合,jíhé
记载,jìzǎi
纪律,jìlǜ
技巧,jìqiǎo
系,xì
季,jì
季度,jìdù
季节,jìjié
既,jì
既然,jìrán
寄,jì
加班,jiābān
加入,jiā rù
加油站,jiāyóuzhàn
家务,jiāwù
假如,jiǎrú
坚固,jiāngù
检测,jiǎn cè
减,jiǎn
减肥,jiǎnféi
减少,jiǎnshǎo
简历,jiǎnlì
健身,jiànshēn
渐渐,jiàn jiàn
江,jiāng
讲究,jiǎngjiu
讲座,jiǎngzuò
奖,jiǎng
奖金,jiǎngjīn
奖学金,jiǎng xué jīn
降,jiàng
降低,jiàngdī
降价,jiàng jià
降落,jiàngluò
降温,jiàng wēn
交换,jiāohuàn
交际,jiāojì
教授,jiàoshòu
教训,jiàoxùn
阶段,jiēduàn
街道,jiēdào
节省,jiéshěng
结,jié
结构,jiégòu
结论,jiélùn
姐妹,jiě mèi
解释,jiěshì
尽快,jǐnkuài
紧密,jǐn mì
尽力,jìnlì
进口,jìnkǒu
近代,jìndài
禁止,jìnzhǐ
经典,jīngdiǎn
精力,jīnglì
竟然,jìngrán
镜头,jìngtóu
镜子,jìngzi
究竟,jiūjìng
酒吧,jiǔbā
居民,jūmín
居住,jūzhù
局,jú
巨大,jùdà
具备,jùbèi
距离,jùlí
聚,jù
聚会,jùhuì
卷,juǎn
卷,juàn
角色,juésè
开花,kāi huā
开水,kāishuǐ
看不起,kànbuqǐ
看来,kàn lái
看望,kànwàng
考察,kǎochá
考虑,kǎolǜ
棵,kē
可见,kějiàn
空间,kōngjiān
空,kōng
口袋,kǒu dài
口语,kǒu yǔ
苦,kǔ
会计,kuàijì
快递,kuài dì
宽,kuān
宽广,kuān guǎng
矿泉水,kuàngquánshuǐ
扩大,kuòdà
扩展,kuò zhǎn
括号,kuò hào
垃圾,lā jī
拉开,lā kāi
辣,là
来不及,láibují
来得及,láidejí
来源,láiyuán
老公,lǎo gōng
老家,lǎo jiā
老婆,lǎopó
老实,lǎoshi
乐趣,lèqù
泪,lèi
泪水,lèi shuǐ
类型,lèixíng
冷静,lěngjìng
厘米,límǐ
离不开,lí bù kāi
力气,lìqi
历史,lìshǐ
立即,lìjí
利息,lìxī
利益,lìyì
俩,liǎ
良好,liánghǎo
量,liáng
粮食,liángshi
两边,liǎng biān
疗养,liáo yǎng
了不起,liǎobuqǐ
了解,liǎojiě
列,liè
列车,lièchē
列入,liè rù
列为,liè wéi
临时,línshí
零食,língshí
流传,liúchuán
楼梯,lóu tī
陆地,lùdì
陆续,lùxù
录取,lùqǔ
律师,lǜshī
轮,lún
轮船,lúnchuán
轮椅,lún yǐ
轮子,lún zi
论文,lùnwén
落,luò
毛巾,máojīn
毛衣,máo yī
帽子,màozi
没错,méi cuò
没法儿,méi fǎr
没想到,méi xiǎng dào
美金,měi jīn
美女,měi nǚ
梦,mèng
梦见,mèng jiàn
梦想,mèngxiǎng
秘密,mìmì
秘书,mìshū
密,mì
密码,mìmǎ
密切,mìqiè
免费,miǎnfèi
面临,miànlín
面试,miàn shì
描述,miáo shù
描写,miáoxiě
名牌儿,míng páir
名片,míngpiàn
名人,míng rén
摸,mō
模特儿,mó tèr
模型,móxíng
末,mò
默默,mòmò
哪怕,nǎpà
哪,nǎ
男女,nán nǚ
男士,nán shì
难免,nánmiǎn
脑袋,nǎodai
闹,nào
闹钟,nào zhōng
内部,nèibù
内科,nèikē
能干,nénggàn
宁静,níng jìng
浓,nóng
女士,nǚshì
暖气,nuǎn qì
拍照,pāi zhào
排列,páiliè
牌,pái
盘,pán
盘子,pánzi
胖子,pàng zi
培训,péixùn
培训班,péi xùn bān
培养,péiyǎng
培育,péiyù
批,pī
批,pī
片面,piànmiàn
品质,pǐnzhì
平方,píngfāng
平静,píngjìng
平均,píngjūn
平稳,píng wěn
迫切,pòqiè
破产,pòchǎn
妻子,qīzi
期待,qīdài
期间,qījiān
期末,qī mò
期限,qīxiàn
期中,qī zhōng
其余,qíyú
企业,qǐyè
气球,qì qiú
汽水,qì shuǐ
汽油,qìyóu
器官,qìguān
前头,qián tou
前途,qiántú
浅,qiǎn
巧克力,qiǎokèlì
切,qiē
亲爱,qīn’ài
亲密,qīnmì
青春,qīngchūn
轻松,qīngsōng
轻易,qīngyì
清醒,qīngxǐng
情景,qíngjǐng
穷,qióng
穷人,qióng rén
秋季,qiū jì
趋势,qūshì
圈,quān
权利,quánlì
却,què
确认,quèrèn
然而,rán’ér
燃料,rán liào
燃烧,ránshāo
热闹,rènao
热心,rèxīn
人家,rénjiā
日记,rìjì
日历,rìlì
如今,rújīn
弱,ruò
伞,sǎn
散,sàn
扫,sǎo
色,sè
色彩,sècǎi
森林,sēnlín
晒,shài
闪,shǎn
闪电,shǎndiàn
善良,shànliáng
善于,shànyú
伤害,shānghài
商务,shāngwù
赏,shǎng
上个月,shàng gè yuè
上楼,shàng lóu
上门,shàng mén
烧,shāo
设施,shèshī
设置,shèzhì
申请,shēnqǐng
身材,shēncái
身份,shēnfèn
身高,shēn gāo
深厚,shēn hòu
神话,shénhuà
神秘,shénmì
甚至,shènzhì
失败,shībài
失望,shīwàng
失业,shīyè
诗,shī
诗人,shī rén
湿,shī
实施,shíshī
实用,shíyòng
食堂,shí táng
使劲,shǐ jìn
士兵,shìbīng
市区,shì qū
似的,shìde
事物,shìwù
事先,shìxiān
试卷,shìjuàn
是否,shìfǒu
收回,shōu huí
收获,shōuhuò
收益,shōuyì
手工,shǒugōng
手里,shǒu lǐ
手术,shǒushù
手套,shǒutào
守,shǒu
首,shǒu
受不了,shòubuliǎo
售货员,shòuhuòyuán
叔叔,shūshu
舒适,shūshì
熟练,shúliàn
暑假,shǔ jià
树林,shù lín
树叶,shù yè
数据,shùjù
数码,shùmǎ
刷,shuā
刷牙,shuāyá
刷子,shuā zi
帅,shuài
帅哥,shuài gē
率先,shuài xiān
睡着,shuì zháo
顺序,shùnxù
说不定,shuōbudìng
说服,shuōfú
思考,sīkǎo
似乎,sìhū
松,sōng
松树,sōng shù
塑料,sù liào
塑料袋,sùliàodài
酸,suān
酸奶,suān nǎi
随手,suíshǒu
孙女,sūn nǚ
孙子,sūnzi
缩短,suōduǎn
缩小,suō xiǎo
台阶,táijiē
台上,tái shàng
躺,tǎng
套餐,tào cān
特价,tè jià
特殊,tèshū
特征,tèzhēng
提供,tígōng
提醒,tíxǐng
体操,tǐ cāo
体检,tǐ jiǎn
体重,tǐ zhòng
替,tì
替代,tì dài
天真,tiānzhēn
填,tián
填空,tiánkòng
挑,tiāo
挑选,tiāo xuǎn
调皮,tiáopí
挑,tiǎo
挑战,tiǎozhàn
贴,tiē
停下,tíng xià
挺,tǐng
通知书,tōng zhī shū
同情,tóngqíng
童话,tónghuà
童年,tóng nián
统计,tǒngjì
统一,tǒngyī
痛快,tòngkuài
投,tóu
投入,tóurù
投诉,tóusù
投资,tóuzī
透,tòu
透明,tòumíng
图案,tú’àn
途中,tú zhōng
土地,tǔdì
推迟,tuīchí
推销,tuīxiāo
脱,tuō
袜子,wàzi
外汇,wài huì
外交官,wài jiāo guān
外套,wài tào
弯,wān
晚点,wǎn diǎn
万一,wànyī
王,wáng
网络,wǎngluò
网址,wǎng zhǐ
微笑,wēixiào
微信,wēi xìn
围巾,wéijīn
维持,wéichí
维护,wéihù
维修,wéixiū
尾巴,wěiba
未必,wèibì
未来,wèilái
位于,wèiyú
位置,wèizhì
味儿,wèir
喂,wèi
稳,wěn
稳定,wěndìng
问候,wènhòu
无,wú
无法,wú fǎ
无聊,wúliáo
无论,wúlùn
无数,wúshù
无所谓,wúsuǒwèi
无限,wú xiàn
五颜六色,wǔ yán liù sè
误会,wùhuì
西瓜,xīguā
吸,xī
吸管,xī guǎn
吸收,xīshōu
吸烟,xī yān
吸引,xīyǐn
喜爱,xǐ ài
系列,xìliè
系统,xìtǒng
细,xì
细节,xìjié
细致,xìzhì
下个月,xià gè yuè
下降,xià jiàng
下楼,xià lóu
下载,xiàzài
夏季,xià jì
鲜,xiān
鲜花,xiān huā
鲜明,xiānmíng
咸,xián
显著,xiǎnzhù
县,xiàn
限制,xiànzhì
相处,xiāngchǔ
相反,xiāngfǎn
箱,xiāng
箱子,xiāng zi
想念,xiǎngniàn
想象,xiǎngxiàng
项,xiàng
项目,xiàngmù
相片,xiàng piàn
消化,xiāohuà
销售,xiāoshòu
小吃,xiǎochī
小伙子,xiǎohuǒzi
小型,xiǎo xíng
效率,xiàolǜ
些,xiē
心理,xīnlǐ
新郎,xīnláng
新娘,xīnniáng
新鲜,xīnxiān
新型,xīn xíng
兴奋,xīngfèn
形容,xíngróng
形势,xíngshì
型,xíng
型号,xíng hào
醒,xǐng
兴趣,xìng qù
性质,xìngzhì
兄弟,xiōngdì
胸部,xiōng bù
修理,xiūlǐ
选择,xuǎnzé
学分,xué fēn
学年,xué nián
学时,xué shí
学术,xuéshù
学问,xuéwen
寻找,xúnzhǎo
迅速,xùnsù
牙,yá
牙刷,yá shuā
亚运会,yà yùn huì
呀,ya
延长,yáncháng
延期,yánqī
延续,yánxù
严,yán
严格,yángé
严重,yánzhòng
研究,yánjiū
研究生,yán jiū shēng
研制,yán zhì
盐,yán
眼镜,yǎnjìng
眼泪,yǎn lèi
眼里,yǎn lǐ
演讲,yǎnjiǎng
阳台,yángtái
养成,yǎngchéng
腰,yāo
摇,yáo
药物,yào wù
要,yào
业余,yèyú
叶子,yèzi
医疗,yī liáo
医学,yī xué
依靠,yīkào
依然,yīrán
一律,yílǜ
一再,yízài
一致,yízhì
移,yí
移动,yídòng
移民,yímín
遗产,yíchǎn
遗传,yíchuán
疑问,yíwèn
以及,yǐjí
以内,yǐ nèi
一般来说,yì bān lái shuō
义务,yìwù
议论,yìlùn
引,yǐn
引导,yǐndǎo
引进,yǐn jìn
引起,yǐnqǐ
应,yīng
英勇,yīngyǒng
营业,yíngyè
赢得,yíng dé
影子,yǐngzi
勇敢,yǒnggǎn
勇气,yǒngqì
用途,yòngtú
优良,yōu liáng
优美,yōuměi
优秀,yōuxiù
邮局,yóujú
有劲儿,yǒu jìnr
有趣,yǒuqù
有限,yǒu xiàn
幼儿园,yòu’éryuán
于是,yúshì
语法,yǔfǎ
语音,yǔ yīn
玉,yù
玉米,yùmǐ
预测,yù cè
预订,yùdìng
遇,yù
遇到,yùdào
遇见,yù jiàn
原料,yuánliào
原则,yuánzé
圆,yuán
圆满,yuánmǎn
约会,yuēhuì
月底,yuè dǐ
阅读,yuèdú
运动会,yùn dòng huì
运动员,yùn dòng yuán
运气,yùnqi
运用,yùnyòng
再三,zàisān
在乎,zàihu
在于,zàiyú
赞成,zànchéng
赞赏,zàn shǎng
赞助,zànzhù
造型,zàoxíng
战斗,zhàndòu
战胜,zhàn shèng
战士,zhàn shì
战争,zhànzhēng
丈夫,zhàngfu
招呼,zhāo hu
着,zhe
着火,zháohuǒ
着急,zháojí
召开,zhàokāi
折,zhé
针,zhēn
针对,zhēnduì
阵,zhèn
争论,zhēnglùn
征服,zhēngfú
征求,zhēngqiú
政府,zhèngfǔ
政治,zhèngzhì
之后,zhī hòu
之间,zhī jiān
之前,zhī qián
之一,zhī yī
支,zhī
植物,zhíwù
指挥,zhǐhuī
制订,zhì dìng
质量,zhìliàng
治,zhì
治疗,zhìliáo
智力,zhìlì
智能,zhìnéng
中介,zhōngjiè
种类,zhǒnglèi
中奖,zhòng jiǎng
种,zhǒng
种植,zhòngzhí
重量,zhòngliàng
逐步,zhúbù
逐渐,zhújiàn
主题,zhǔtí
主席,zhǔxí
祝福,zhùfú
著名,zhùmíng
著作,zhùzuò
抓紧,zhuājǐn
专心,zhuānxīn
转动,zhuǎn dòng
转告,zhuǎngào
转身,zhuǎn shēn
转弯,zhuǎn wān
转移,zhuǎnyí
装修,zhuāngxiū
装置,zhuāng zhì
追求,zhuīqiú
准时,zhǔnshí
资料,zīliào
资源,zīyuán
自,zì
自信,zìxìn
字母,zìmǔ
综合,zōnghé
总共,zǒnggòng
总理,zǒnglǐ
总统,zǒngtǒng
总之,zǒngzhī
阻止,zǔzhǐ
嘴巴,zuǐ ba
最初,zuìchū
作出,zuò chū
作为,zuòwéi
安慰,ānwèi
岸,àn
岸上,àn shàng
按摩,ànmó
拔,bá
白酒,bái jiǔ
拜访,bàifǎng
版,bǎn
扮演,bànyǎn
棒,bàng
包围,bāowéi
包装,bāozhuāng
保卫,bǎowèi
保养,bǎoyǎng
报答,bàodá
报警,bàojǐng
抱怨,bàoyuàn
背包,bēi bāo
悲剧,bēi jù
悲伤,bēi shāng
北极,běijí
被动,bèidòng
辈,bèi
本人,běnrén
鼻子,bízi
比方,bǐfāng
比重,bǐzhòng
彼此,bǐcǐ
必,bì
必需,bì xū
毕竟,bìjìng
闭幕,bì mù
闭幕式,bì mù shì
边境,biānjìng
编辑,biānjí
编辑,biānji
变动,biàn dòng
便利,biànlì
便条,biàntiáo
便于,biànyú
宾馆,bīnguǎn
饼,bǐng
饼干,bǐnggān
病毒,bìngdú
玻璃,bōli
博客,bó kè
博览会,bólǎnhuì
博士,bóshì
博物馆,bówùguǎn
薄弱,bóruò
不顾,búgù
不利,bú lì
不耐烦,búnàifán
不幸,bú xìng
不易,bú yì
补偿,bǔcháng
补贴,bǔtiē
不曾,bù céng
不得了,búdéliǎo
不敢当,bùgǎndāng
不良,bù liáng
不免,bùmiǎn
不能不,bù néng bù
不时,bùshí
不停,bù tíng
不许,bù xǔ
不止,bùzhǐ
不足,bùzú
部位,bùwèi
猜,cāi
猜测,cāi cè
裁判,cáipàn
采购,cǎigòu
彩票,cǎipiào
餐馆,cān guǎn
餐厅,cāntīng
餐饮,cān yǐn
草原,cǎo yuán
册,cè
层次,céngcì
叉,chā
叉子,chāzi
差别,chābié
差距,chājù
插,chā
查询,chá xún
差点儿,chādiǎnr
拆,chāi
拆除,chāi chú
产业,chǎnyè
长度,cháng dù
长寿,cháng shòu
肠,cháng
尝,cháng
尝试,chángshì
厂长,chǎng zhǎng
场面,chǎngmiàn
倡导,chàngdǎo
超越,chāoyuè
车主,chē zhǔ
称²,chēng
称号,chēnghào
成本,chéngběn
成交,chéngjiāo
成效,chéngxiào
成语,chéngyǔ
承办,chéngbàn
城里,chéng lǐ
乘,chéng
乘车,chéng chē
乘客,chéng kè
乘坐,chéngzuò
吃力,chīlì
池子,chí zi
迟,chí
冲动,chōngdòng
冲突,chōngtū
充足,chōngzú
愁,chóu
丑,chǒu
臭,chòu
出版,chūbǎn
出差,chūchāi
出汗,chū hàn
出于,chū yú
初期,chū qī
除非,chúfēi
除夕,chúxī
厨房,chúfáng
处罚,chǔ fá
处分,chǔfèn
处在,chǔ zài
传达,chuándá
传递,chuán dì
传真,chuánzhēn
窗帘,chuānglián
闯,chuǎng
创立,chuànglì
辞典,cí diǎn
辞职,cízhí
此后,cǐ hòu
此刻,cǐ kè
此时,cǐ shí
聪明,cōngming
从而,cóng’ér
从中,cóng zhōng
脆,cuì
存款,cún kuǎn
寸,cùn
达成,dáchéng
答,dá
答复,dáfù
打,dǎ
打扮,dǎban
打包,dǎbāo
打击,dǎjī
打架,dǎjià
打扰,dǎrǎo
大胆,dà dǎn
大都,dà dōu
大纲,dà gāng
大伙儿,dàhuǒr
大奖赛,dà jiǎng sài
大脑,dà nǎo
大事,dà shì
大厅,dà tīng
大象,dàxiàng
大熊猫,dà xióng māo
大于,dà yú
大致,dàzhì
呆,dāi
待,dāi
代价,dàijià
代理,dàilǐ
带有,dài yǒu
贷款,dàikuǎn
单一,dān yī
胆,dǎn
胆小,dǎn xiǎo
蛋糕,dàngāo
当场,dāngchǎng
当代,dāngdài
当年,dāng nián
当前,dāngqián
当选,dāngxuǎn
挡,dǎng
到来,dào lái
倒是,dào shì
道德,dàodé
得了,dé le
得以,dé yǐ
等候,děnghòu
等级,děngjí
低于,dī yú
地带,dì dài
地形,dì xíng
地震,dìzhèn
递,dì
递给,dì gěi
典礼,diǎnlǐ
点燃,diǎn rán
电池,diànchí
电饭锅,diàn fàn guō
电子版,diàn zǐ bǎn
调动,diàodòng
丢,diū
动机,dòngjī
动手,dòngshǒu
动态,dòngtài
动员,dòngyuán
冻,dòng
洞,dòng
豆制品,dòu zhì pǐn
毒,dú
堆,duī
对立,duìlì
对应,duìyìng
吨,dūn
朵,duǒ
躲,duǒ
儿女,ér nǚ
耳朵,ěrduo
二维码,èr wéi mǎ
发布,fābù
发觉,fājué
发射,fāshè
发行,fāxíng
罚,fá
罚款,fákuǎn
法规,fǎ guī
法制,fǎ zhì
繁荣,fánróng
返回,fǎn huí
防治,fángzhì
放大,fàngdà
放弃,fàngqì
分成,fēn chéng
分解,fēnjiě
分类,fēn lèi
分离,fēn lí
分析,fēnxī
分享,fēn xiǎng
丰收,fēngshōu
风度,fēngdù
风光,fēngguāng
封,fēng
疯,fēng
疯狂,fēngkuáng
扶,fú
服从,fúcóng
幅,fú
幅度,fúdù
福利,fúlì
辅助,fǔzhù
负责人,fù zé rén
附件,fùjiàn
改革,gǎigé
干脆,gāncuì
干扰,gānrǎo
干预,gānyù
感想,gǎnxiǎng
钢笔,gāng bǐ
钢琴,gāng qín
高大,gāo dà
高度,gāo dù
高跟鞋,gāo gēn xié
高温,gāo wēn
高于,gāo yú
高原,gāo yuán
搞,gǎo
搞好,gǎo hǎo
歌曲,gē qǔ
隔壁,gébì
个儿,gèr
跟前,gēnqián
跟随,gēnsuí
更换,gēng huàn
更新,gēngxīn
工艺,gōng yì
工作日,gōng zuò rì
公告,gōnggào
公认,gōngrèn
公式,gōngshì
公正,gōngzhèng
共计,gòngjì
共享,gòng xiǎng
沟,gōu
沟通,gōutōng
估计,gūjì
古老,gǔ lǎo
鼓,gǔ
鼓励,gǔlì
鼓掌,gǔzhǎng
顾问,gùwèn
怪,guài
关怀,guānhuái
关键,guānjiàn
冠军,guànjūn
光荣,guāngróng
光线,guāng xiàn
广,guǎng
广泛,guǎngfàn
规划,guīhuà
鬼,guǐ
柜子,guì zi
滚,gǔn
锅,guō
国籍,guójí
国民,guó mín
过度,guòdù
过敏,guòmǐn
过于,guòyú
害,hài
汗,hàn
好运,hǎo yùn
号召,hàozhào
合并,hébìng
合成,héchéng
盒,hé
盒饭,hé fàn
盒子,hézi
贺卡,hè kǎ
恨,hèn
猴,hóu
后悔,hòuhuǐ
胡同儿,hú tòngr
胡子,hú zi
虎,hǔ
华语,huá yǔ
滑,huá
化石,huàshí
划分,huàfēn
画面,huà miàn
环节,huánjié
慌,huāng
慌忙,huāng máng
灰色,huī sè
恢复,huīfù
回报,huíbào
回避,huíbì
回顾,huígù
回收,huíshōu
回头,huí tóu
回信,huí xìn
回忆,huíyì
汇款,huì kuǎn
会谈,huì tán
活力,huólì
活泼,huópō
火柴,huǒchái
火腿,huǒ tuǐ
火灾,huǒ zāi
或是,huò shì
机器人,jī qì rén
机制,jī zhì
肌肉,jīròu
基地,jīdì
基金,jījīn
即使,jíshǐ
集团,jítuán
挤,jǐ
记忆,jìyì
技能,jì néng
继承,jìchéng
加热,jiā rè
加上,jiā shàng
加速,jiā sù
加以,jiā yǐ
夹,jiā
甲,jiǎ
价,jià
驾驶,jiàshǐ
驾照,jià zhào
坚定,jiāndìng
肩,jiān
艰苦,jiānkǔ
艰难,jiānnán
检验,jiǎnyàn
减轻,jiǎn qīng
剪,jiǎn
剪刀,jiǎndāo
剪子,jiǎn zi
间接,jiànjiē
建造,jiàn zào
建筑,jiànzhù
健全,jiànquán
键,jiàn
键盘,jiànpán
将,jiāng
将要,jiāng yào
奖励,jiǎnglì
交代,jiāodài
郊区,jiāoqū
胶带,jiāo dài
胶水,jiāoshuǐ
脚步,jiǎo bù
接触,jiēchù
接连,jiēlián
解除,jiěchú
解放,jiěfàng
戒,jiè
届,jiè
今日,jīn rì
尽管,jǐnguǎn
紧紧,jǐn jǐn
尽可能,jǐn kě néng
进化,jìnhuà
近来,jìnlái
经费,jīngfèi
景象,jǐng xiàng
警告,jǐnggào
竞赛,jìngsài
竞争,jìngzhēng
酒鬼,jiǔ guǐ
救灾,jiù zāi
居然,jūrán
局面,júmiàn
局长,jú zhǎng
举动,jǔdòng
拒绝,jùjué
俱乐部,jùlèbù
剧本,jùběn
决不,jué bù
绝望,juéwàng
军人,jūn rén
开幕,kāi mù
开幕式,kāimùshì
看成,kàn chéng
看出,kàn chū
看待,kàndài
考核,kǎohé
烤肉,kǎo ròu
烤鸭,kǎoyā
靠近,kào jìn
颗,kē
咳,ké
可,kě
可怜,kělián
可惜,kěxī
渴望,kěwàng
刻,kè
客户,kèhù
客气,kè qì
客厅,kètīng
课题,kètí
肯定,kěndìng
空中,kōng zhōng
控制,kòngzhì
口号,kǒu hào
库,kù
快活,kuàihuo
宽度,kuān dù
狂,kuáng
亏,kuī
困扰,kùn rǎo
落,là
来信,lái xìn
烂,làn
朗读,lǎngdú
浪漫,làngmàn
劳动,láodòng
梨,lí
礼,lǐ
礼拜,lǐ bài
礼貌,lǐmào
厉害,lìhai
立,lì
立场,lìchǎng
利润,lìrùn
例外,lìwài
连接,lián jiē
联络,liánluò
联想,liánxiǎng
脸盆,liǎn pén
脸色,liǎn sè
恋爱,liàn’ài
两岸,liǎng àn
邻居,línjū
铃,líng
铃声,líng shēng
领带,lǐng dài
令,lìng
流动,liú dòng
流通,liútōng
漏,lòu
漏洞,lòu dòng
逻辑,luóji
落实,luòshí
码头,mǎtóu
骂,mà
买卖,mǎi mài
漫长,màncháng
漫画,mànhuà
毛笔,máo bǐ
矛盾,máodùn
冒,mào
贸易,màoyì
煤,méi
煤气,méi qì
门诊,mén zhěn
迷人,mírén
迷信,míxìn
面貌,miànmào
面子,miànzi
秒,miǎo
敏感,mǐngǎn
明亮,míng liàng
明明,míngmíng
命令,mìnglìng
模范,mófàn
模仿,mófǎng
模糊,móhu
模式,móshì
摩擦,mócā
摩托,mó tuō
模样,múyàng
目光,mùguāng
耐心,nàixīn
男性,nán xìng
南北,nán běi
南极,nán jí
难得,nándé
难以,nán yǐ
脑子,nǎo zi
内在,nèizài
能量,néngliàng
年度,niándù
年龄,niánlíng
年前,nián qián
牛,niú
牛仔裤,niúzǎikù
农产品,nóng chǎn pǐn
女性,nǚ xìng
暖,nuǎn
偶尔,ǒu’ěr
偶然,ǒurán
偶像,ǒuxiàng
拍摄,pāi shè
排除,páichú
旁,páng
陪,péi
赔,péi
赔偿,péicháng
配备,pèibèi
配套,pèitào
喷,pēn
盆,pén
披,pī
皮肤,pífū
皮鞋,píxié
脾气,píqi
匹,pǐ
骗,piàn
骗子,piàn zi
拼,pīn
频道,píndào
频繁,pínfán
品,pǐn
品,pǐn 
品种,pǐnzhǒng
平坦,píngtǎn
平原,píngyuán
评估,pínggū
评论,pínglùn
凭,píng
泼,pō
葡萄,pútao
葡萄酒,pú táo jiǔ
期望,qīwàng
齐全,qíquán
其,qí
启动,qǐ dòng
启发,qǐfā
启事,qǐshì
起到,qǐ dào
起码,qǐmǎ
气体,qì tǐ
气象,qìxiàng
签,qiān
签订,qiān dìng
签名,qiān míng
签约,qiān yuē
签证,qiānzhèng
签字,qiān zì
前景,qiánjǐng
前提,qiántí
欠,qiàn
枪,qiāng
强度,qiáng dù
墙壁,qiáng bì
抢,qiǎng
抢救,qiǎngjiù
强迫,qiǎngpò
悄悄,qiāoqiāo
敲,qiāo
敲门,qiāo mén
瞧,qiáo
琴,qín
勤奋,qínfèn
青,qīng
清晨,qīngchén
清理,qīnglǐ
情节,qíngjié
情形,qíngxíng
晴朗,qínglǎng
区域,qūyù
全都,quán dōu
全世界,quán shì jiè
泉,quán
劝,quàn
缺乏,quēfá
确立,quèlì
群体,qún tǐ
群众,qúnzhòng
染,rǎn
绕,rào
热量,rè liàng
热门,rèmén
人间,rénjiān
人力,rén lì
人士,rénshì
人物,rénwù
忍,rěn
忍不住,rěnbuzhù
忍受,rěnshòu
认,rèn
认定,rèndìng
扔,rēng
仍旧,réngjiù
如此,rú cǐ
如同,rú tóng
如下,rú xià
入门,rù mén
软,ruǎn
软件,ruǎnjiàn
洒,sǎ
散,sǎn
散文,sǎnwén
杀,shā
杀毒,shā dú
沙漠,shāmò
傻,shǎ
山区,shān qū
扇,shān
扇,shàn
扇子,shànzi
商标,shāngbiāo
上级,shàngjí
上下,shàng xià
上涨,shàng zhǎng
稍,shāo
稍微,shāowēi
蛇,shé
舍不得,shěbude
舍得,shě de
设想,shèxiǎng
社,shè
社区,shèqū
射,shè
射击,shèjī
摄像,shè xiàng
摄像机,shè xiàng jī
摄影,shèyǐng
摄影师,shè yǐng shī
伸,shēn
深处,shēn chù
深度,shēn dù
神,shén
神经,shénjīng
神奇,shénqí
神情,shén qíng
升高,shēng gāo
生成,shēng chéng
声,shēng
胜负,shèngfù
剩,shèng
剩下,shèng xià
失误,shīwù
师傅,shīfu
诗歌,shī gē
十足,shízú
时常,shícháng
时光,shíguāng
时机,shíjī
时事,shíshì
实惠,shíhuì
拾,shí
使得,shǐ de
示范,shìfàn
式,shì
势力,shìlì
试图,shìtú
视频,shìpín
视为,shì wéi
收购,shōu gòu
收集,shōu jí
收拾,shōushi
手段,shǒu duàn
手法,shǒufǎ
寿司,shòu sī
受灾,shòu zāi
瘦,shòu
书法,shūfǎ
书柜,shū guì
书桌,shū zhuō
输出,shū chū
蔬菜,shūcài
熟悉,shúxī
鼠,shǔ
鼠标,shǔbiāo
数目,shù mù
摔,shuāi
摔倒,shuāidǎo
率领,shuàilǐng
双手,shuāng shǒu
水产品,shuǐ chǎn pǐn
水分,shuǐ fèn
水库,shuǐ kù
水灾,shuǐ zāi
睡眠,shuì mián
说法,shuō fǎ
硕士,shuòshì
私人,sīrén
思维,sīwéi
四周,sì zhōu
搜,sōu
搜索,sōusuǒ
宿舍,sùshè
酸甜苦辣,suān tián kǔ là
随后,suí hòu
随意,suíyì
随着,suízhe
岁月,suìyuè
碎,suì
损害,sǔn hài
损失,sǔnshī
所在,suǒ zài
锁,suǒ
台风,táifēng
抬,tái
抬头,tái tóu
太空,tàikōng
弹,tán
逃,táo
逃跑,táo pǎo
逃走,táo zǒu
桃,táo
桃花,táo huā
桃树,táo shù
讨厌,tǎoyàn
特定,tèdìng
特性,tè xìng
特有,tè yǒu
提倡,tíchàng
提起,tí qǐ
提示,tíshì
题材,tícái
体积,tǐjī
体力,tǐ lì
天才,tiāncái
天然气,tiānránqì
天文,tiānwén
调节,tiáojié
调解,tiáojiě
厅,tīng
停留,tíng liú
通用,tōngyòng
偷,tōu
偷偷,tōu tōu
突破,tūpò
土豆,tǔdòu
吐,tǔ
吐,tù
兔,tù
团长,tuán zhǎng
推行,tuī xíng
脱离,tuōlí
外界,wàijiè
完了,wán le
微博,wēi bó
为难,wéinán
为期,wéiqī
为止,wéi zhǐ
为主,wéi zhǔ
违法,wéi fǎ
违反,wéifǎn
违规,wéi guī
围绕,wéirào
唯一,wéiyī
委托,wěituō
卫星,wèixīng
胃,wèi
慰问,wèiwèn
温和,wēnhé
文艺,wényì
卧室,wòshì
握,wò
污染,wūrǎn
污水,wū shuǐ
屋,wū
无奈,wúnài
无疑,wú yí
舞,wǔ
物价,wù jià
物业,wùyè
物质,wùzhì
误解,wùjiě
西红柿,xīhóngshì
西装,xī zhuāng
喜剧,xǐ jù
戏,xì
戏剧,xìjù
吓,xià
先后,xiān hòu
先前,xiānqián
鲜艳,xiānyàn
闲,xián
显,xiǎn
现有,xiàn yǒu
现状,xiànzhuàng
线索,xiànsuǒ
献,xiàn
乡,xiāng
乡村,xiāng cūn
相等,xiāngděng
相应,xiāngyìng
香肠,xiāngcháng
详细,xiángxì
享受,xiǎngshòu
向导,xiàngdǎo
向前,xiàng qián
向上,xiàng shàng
相声,xiàngsheng
象征,xiàngzhēng
消除,xiāochú
消毒,xiāodú
消防,xiāofáng
消费者,xiāo fèi zhě
消极,xiāojí
小偷儿,xiǎo tōur
歇,xiē
协议,xiéyì
协议书,xié yì shū
斜,xié
心态,xīntài
心疼,xīnténg
辛苦,xīnkǔ
欣赏,xīnshǎng
信念,xìnniàn
信箱,xìn xiāng
行驶,xíng shǐ
形态,xíngtài
性能,xìngnéng
雄伟,xióngwěi
熊,xióng
休闲,xiūxián
修复,xiūfù
修建,xiūjiàn
修养,xiūyǎng
虚心,xūxīn
许可,xǔkě
选修,xuǎn xiū
学科,xué kē
学位,xuéwèi
学者,xué zhě
寻求,xún qiú
询问,xúnwèn
押金,yājīn
鸭子,yā zi
亚军,yàjūn
延伸,yánshēn
严厉,yánlì
严肃,yánsù
言语,yán yǔ
研究所,yán jiū suǒ
眼光,yǎnguāng
邀请,yāoqǐng
摇头,yáo tóu
咬,yǎo
也好,yě hǎo
业务,yèwù
夜间,yè jiān
一流,yīliú
依法,yī fǎ
依旧,yījiù
依据,yījù
依照,yī zhào
一辈子,yíbèizi
一带,yí dài
一旦,yídàn
一句话,yí jù huà
一路,yí lù
一下儿,yí xiàr
一下子,yí xià zi
一向,yíxiàng
乙,yǐ
以便,yǐbiàn
以往,yǐwǎng
一口气,yì kǒu qì
一身,yì shēn
意识,yìshí
意味着,yìwèizhe
意志,yìzhì
因而,yīn’ér
饮料,yǐnliào
饮食,yǐnshí
印刷,yìnshuā
应,yīng
硬,yìng
硬件,yìngjiàn
拥抱,yōngbào
拥有,yōngyǒu
用不着,yòng bù zháo
用户,yònghù
用来,yòng lái
用于,yòng yú
优惠,yōuhuì
优先,yōuxiān
幽默,yōumò
尤其,yóuqí
由此,yóu cǐ
犹豫,yóuyù
游泳池,yóu yǒng chí
友谊,yǒuyì
有毒,yǒu dú
有害,yǒu hài
有力,yǒu lì
有利于,yǒu lì yú
有着,yǒu zhe
羽毛球,yǔmáoqiú
羽绒服,yǔróngfú
雨水,yǔ shuǐ
预备,yù bèi
预期,yùqī
元旦,uándàn
园林,yuánlín
原理,yuánlǐ
原始,yuánshǐ
原先,yuánxiān
原有,yuán yǒu
远处,yuǎn chù
怨,yuàn
愿,yuàn
约束,yuēshù
月饼,yuè bǐng
月球,yuè qiú
阅览室,yuè lǎn shì
运,yùn
运行,yùnxíng
灾,zāi
灾害,zāihài
灾难,zāinàn
灾区,zāi qū
再次,zài cì
再也,zài yě
在场,zài chǎng
在内,zài nèi
暂时,zànshí
暂停,zàn tíng
糟,zāo
糟糕,zāogāo
早期,zǎo qī
增,zēng
增产,zēng chǎn
增大,zēng dà
增多,zēng duō
增强,zēng qiáng
赠,zèng
赠送,zèngsòng
摘,zhāi
展览,zhǎnlǎn
展示,zhǎnshì
展现,zhǎnxiàn
占领,zhànlǐng
占有,zhàn yǒu
涨,zhǎng
涨价,zhǎng jià
掌握,zhǎngwò
招生,zhāo shēng
招手,zhāo shǒu
珍贵,zhēnguì
珍惜,zhēnxī
珍珠,zhēnzhū
真诚,zhēn chéng
真理,zhēnlǐ
真相,zhēnxiàng
诊断,zhěnduàn
振动,zhèndòng
震惊,zhènjīng
争议,zhēngyì
正版,zhèng bǎn
正规,zhèngguī
正如,zhèng rú
正义,zhèngyì
证实,zhèngshí
证书,zhèngshū
挣,zhèng
挣钱,zhèng qián
之内,zhī nèi
之外,zhī wài
之下,zhī xià
之中,zhī zhōng
支出,zhīchū
支配,zhīpèi
执行,zhíxíng
直线,zhí xiàn
值班,zhíbān
职能,zhínéng
职位,zhíwèi
职务,zhíwù
只不过,zhǐ bú guò
只见,zhǐ jiàn
指标,zhǐbiāo
指甲,zhǐjia
指示,zhǐshì
指责,zhǐzé
至,zhì
制成,zhì chéng
制约,zhìyuē
治安,zhì’ān
治理,zhìlǐ
中断,zhōngduàn
中秋节,zhōng qiū jié
中央,zhōngyāng
中药,zhōng yào
终点,zhōngdiǎn
终身,zhōngshēn
终止,zhōngzhǐ
中毒,zhòng dú
众多,zhòng duō
周期,zhōuqī
竹子,zhúzi
主办,zhǔbàn
主导,zhǔdǎo
主观,zhǔguān
主管,zhǔguǎn
主体,zhǔ tǐ
助理,zhùlǐ
助手,zhùshǒu
注册,zhùcè
注射,zhùshè
注视,zhùshì
注重,zhùzhòng
祝贺,zhùhè
专辑,zhuān jí
专利,zhuānlì
转化,zhuǎn huà
转换,zhuǎn huàn
转让,zhuǎnràng
转向,zhuǎn xiàng
装饰,zhuāngshì
撞,zhuàng
资本,zīběn
资产,zīchǎn
资助,zīzhù
子弹,zǐdàn
仔细,zǐxì
紫,zǐ
自豪,zìháo
自杀,zì shā
自愿,zìyuàn
总裁,zǒngcái
总数,zǒng shù
总算,zǒngsuàn
总体,zǒng tǐ
阻碍,zǔ’ài
组织,zǔzhī
醉,zuì
尊敬,zūnjìng
尊重,zūnzhòng
挨着,āi zhe
挨,ái
挨打,ái dǎ
安检,ān jiǎn
罢工,bàgōng
罢了,bà le
白领,bái lǐng
百分点,bǎi fēn diǎn
办公,bàn gōng
办事处,bàn shì chù
办学,bàn xué
半决赛,bàn jué sài
傍晚,bàngwǎn
保健,bǎo jiàn
报刊,bào kān
报考,bào kǎo
抱歉,bàoqiàn
暴风雨,bào fēng yǔ
暴力,bàolì
暴露,bàolù
暴雨,bào yǔ
爆,bào
爆发,bàofā
爆炸,bàozhà
悲惨,bēicǎn
背心,bèi xīn
背着,bèi zhe
被告,bèigào
奔跑,bēn pǎo
本,běn
本地,běn dì
本期,běn qī
本身,běnshēn
本土,běn tǔ
本质,běnzhì
逼,bī
笔试,bǐ shì
必将,bì jiāng
必修,bì xiū
闭,bì
边缘,biānyuán
编制,biān zhì
扁,biǎn
变更,biàn gēng
变换,biàn huàn
变形,biàn xíng
便,biàn
便是,biàn shì
遍地,biàn dì
表面上,biǎo miàn shàng
病房,bìng fáng
病情,bìng qíng
拨打,bō dǎ
波动,bō dòng
波浪,bōlàng
播,bō
不便,bú biàn
不见,bú jiàn
不料,búliào
不再,bú zài
不至于,bú zhì yú
补考,bǔ kǎo
补课,bǔ kè
补习,bǔ xí
补助,bǔ zhù
捕,bǔ
不成,bù chéng
不禁,bùjīn
不仅仅,bù jǐn jǐn
不通,bù tōng
不怎么,bù zěn me
不怎么样,bù zěn me yàng
不值,bù zhí
布满,bù mǎn
部队,bù duì
采纳,cǎinà
踩,cǎi
参赛,cān sài
参展,cān zhǎn
餐,cān
残疾,cánjí
残疾人,cán jí rén
残酷,cánkù
惨,cǎn
仓库,cāngkù
藏,cáng
操纵,cāozòng
厕所,cèsuǒ
侧,cè
测定,cè dìng
策划,cèhuà
策略,cèlüè
层面,céng miàn
差异,chā yì
查出,chá chū
查看,chá kàn
拆迁,chāi qiān
产量,chǎn liàng
昌盛,chāngshèng
长短,cháng duǎn
长假,cháng jià
长久,cháng jiǔ
长跑,cháng pǎo
长远,cháng yuǎn
常规,cháng guī
常年,cháng nián
厂商,chǎng shāng
场地,chǎng dì
场馆,chǎng guǎn
场景,chǎng jǐng
畅通,chàngtōng
超,chāo
超出,chāo chū
炒,chǎo
炒股,chǎo gǔ
炒作,chǎo zuò
车号,chē hào
车牌,chē pái
车展,chē zhǎn
撤离,chè lí
撤销,chèxiāo
撑,chēng
成,chéng
成分,chéngfèn
成品,chéng pǐn
承诺,chéngnuò
城区,chéng qū
城乡,chéng xiāng
城镇,chéng zhèn
持有,chí yǒu
冲击,chōngjī
重建,chóng jiàn
重组,chóng zǔ
崇拜,chóngbài
宠物,chǒngwù
冲,chōng
出场,chū chǎng
出动,chū dòng
出访,chū fǎng
出路,chūlù
出面,chū miàn
出名,chū míng
出入,chū rù
出事,chū shì
出台,chū tái
出行,chū xíng
初等,chū děng
除,chú
厨师,chú shī
储存,chǔcún
处处,chù chù
处长,chù zhǎng
传出,chuán chū
传媒,chuán méi
传输,chuán shū
传言,chuán yán
船员,chuán yuán
船长,chuán zhǎng
船只,chuán zhī
串,chuàn
窗口,chuāng kǒu
创办,chuàng bàn
创建,chuàng jiàn
创意,chuàng yì
此处,cǐ chù
此次,cǐ cì
此前,cǐ qián
此事,cǐ shì
此致,cǐ zhì
次数,cì shù
从不,cóng bù
从没,cóng méi
醋,cù
村庄,cūn zhuāng
错过,cuò guò
搭,dā
搭档,dādàng
搭配,dāpèi
打动,dǎ dòng
打断,dǎ duàn
打发,dǎ fa
打官司,dǎguānsi
打牌,dǎ pái
打印机,dǎ yìn jī
打造,dǎ zào
大道,dà dào
大街,dà jiē
大力,dà lì
大米,dà mǐ
大批,dà pī
大赛,dà sài
大师,dà shī
大使,dà shǐ
待会儿,dāi huìr
担忧,dān yōu
单打,dān dǎ
诞生,dànshēng
党,dǎng
当,dāng
当成,dāng chéng
当天,dāng tiān
当作,dàng zuò
档,dàng
档案,dàng’àn
岛,dǎo
到期,dào qī
盗版,dào bǎn
道教,dào jiào
道歉,dàoqiàn
低头,dī tóu
低温,dī wēn
滴,dī
抵达,dǐdá
抵抗,dǐkàng
地板,dì bǎn
地名,dì míng
地下室,dì xià shì
电车,diàn chē
电动,diàn dòng
电力,diàn lì
电器,diàn qì
吊,diào
调研,diào yán
跌,diē
定价,dìng jià
定时,dìng shí
定位,dìng wèi
动画,dòng huà
斗争,dòuzhēng
都市,dū shì
毒品,dúpǐn
赌,dǔ
赌博,dǔbó
渡,dù
端,duān
端午节,uānwǔjié
短片,duǎn piàn
队伍,duìwu
对抗,duìkàng
对外,duì wài
蹲,dūn
多半,duō bàn
多方面,duō fāng miàn
多媒体,duō méi tǐ
夺,duó
夺取,duó qǔ
恩人,ēn rén
儿科,ér kē
发病,fā bìng
发电,fā diàn
发放,fā fàng
发怒,fā nù
发起,fā qǐ
发言人,fā yán rén
发炎,fāyán
法庭,fǎ tíng
法语,fǎ yǔ
番,fān
番茄,fān qié
凡是,fánshì
繁殖,fánzhí
反抗,fǎnkàng
反问,fǎnwèn
反响,fǎn xiǎng
犯,fàn
犯规,fàn guī
犯罪,fàn zuì
防范,fáng fàn
防守,fángshǒu
房价,fáng jià
仿佛,fǎngfú
飞船,fēi chuán
飞行员,fēi xíng yuán
肺,fèi
分工,fēn gōng
分裂,fēnliè
愤怒,fènnù
风暴,fēngbào
峰会,fēng huì
奉献,fèngxiàn
佛,fó
佛教,fó jiào
服,fú
浮,fú
父女,fù nǚ
父子,fù zǐ
负,fù
妇女,fùnǚ
复苏,fù sū
副,fù
副,fù
富人,fù rén
富有,fù yǒu
改装,gǎi zhuāng
干涉,gānshè
肝,gān
杆,gān
赶不上,gǎn bú shàng
赶忙,gǎn máng
赶上,gǎn shàng
敢于,gǎn yú
感人,gǎn rén
刚好,gāng hǎo
岗位,gǎngwèi
港口,gǎngkǒu
高层,gāo céng
高档,gāodàng
高等,gāo děng
高峰,gāofēng
高考,gāo kǎo
高科技,gāo kē jì
高手,gāo shǒu
稿子,gǎo zi
歌唱,gē chàng
歌词,gē cí
歌星,gē xīng
革新,gé xīn
更是,gèng shì
工商,gōng shāng
公,gōng
公安,gōng ān
公鸡,gōng jī
公众,gōng zhòng
公主,gōngzhǔ
攻击,gōngjī
供给,gōngjǐ
宫,gōng
巩固,gǒnggù
贡献,gòngxiàn
构建,gòu jiàn
孤独,gūdú
孤儿,gū ér
姑姑,gūgu
古典,gǔdiǎn
股,gǔ
股东,gǔdōng
股票,gǔpiào
故障,gùzhàng
顾,gù
刮,guā
拐,guǎi
关爱,guān ài
关联,guān lián
观光,guānguāng
官司,guān si
管道,guǎn dào
光辉,guānghuī
广阔,guǎngkuò
轨道,guǐdào
跪,guì
国产,guó chǎn
国歌,guó gē
国会,guó huì
国旗,guó qí
国王,guówáng
果酱,guǒ jiàng
果树,guǒ shù
过渡,guòdù
过后,guò hòu
过时,guò shí
海报,hǎi bào
海底,hǎi dǐ
海军,hǎi jūn
海浪,hǎi làng
海外,hǎi wài
海湾,hǎi wān
海洋,hǎiyáng
好容易,hǎo  róng yì
好似,hǎo sì
好转,hǎo zhuǎn
好学,hào xué
合约,hé yuē
和谐,héxié
核心,héxīn
黑夜,hēi yè
很难说,hěn nán shuō
狠,hěn
横,héng
衡量,héng liáng
宏大,hóng dà
洪水,hóngshuǐ
忽略,hūlüè
壶,hú
互动,hù dòng
户外,hù wài
护,hù
花费,huā fèi
花瓶,huā píng
花生,huāshēng
化解,huà jiě
幻想,huànxiǎng
患者,huànzhě
皇帝,huángdì
回应,huí yìng
毁,huǐ
会见,huì jiàn
会长,huì zhǎng
绘画,huì huà
昏,hūn
混,hùn
混合,hùnhé
混乱,hùnluàn
活跃,huóyuè
火箭,huǒjiàn
机动车,jī dòng chē
机关,jī guān
机械,jīxiè
基督教,jī dū jiào
激情,jīqíng
吉利,jí lì
吉祥,jíxiáng
极端,jíduān
急救,jí jiù
疾病,jíbìng
集,jí
给予,jǐyǔ
加盟,jiā méng
家电,jiā diàn
家园,jiā yuán
嘉宾,jiābīn
假日,jià rì
尖,jiān
监测,jiān cè
监督,jiāndū
捡,jiǎn
简介,jiǎn jiè
剑,jiàn
鉴定,jiàndìng
箭,jiàn
将军,jiāngjūn
讲课,jiǎng kè
酱,jiàng
酱油,jiàngyóu
骄傲,jiāo’ào
焦点,jiāodiǎn
脚印,jiǎo yìn
觉,jiào
教堂,jiào táng
教育部,jiào yù bù
接收,jiē shōu
揭,jiē
街头,jiē tóu
节,jié
节假日,jié jià rì
节能,jié néng
节奏,jiézòu
杰出,jiéchū
截止,jiézhǐ
截至,jiézhì
解,jiě
解说,jiě shuō
界,jiè
界,jiè 
借鉴,jièjiàn
金额,jīn é
金钱,jīn qián
金融,jīnróng
尽,jìn
进攻,jìngōng
近日,jìn rì
近视,jìn shì
惊人,jīng rén
惊喜,jīng xǐ
精,jīng
精美,jīng měi
精品,jīng pǐn
井,jǐng
景,jǐng
景点,jǐng diǎn
净,jìng
纠纷,jiūfēn
纠正,jiūzhèng
酒水,jiǔ shuǐ
救命,jiù mìng
救援,jiù yuán
救助,jiù zhù
就是说,jiù shì shuō
就算,jiù suàn
局,jú
剧,jù
据,jù
捐,juān
捐款,juān kuǎn
捐赠,juān zèng
捐助,juān zhù
决策,juécè
觉悟,juéwù
绝,jué
绝大多数,jué dà duō shù
军队,jūnduì
军舰,jūn jiàn
军事,jūnshì
开创,kāi chuàng
开关,kāi guān
开设,kāi shè
开通,kāi tōng
开头,kāi tóu
开夜车,kāi yè chē
看,kān
看管,kān guǎn
看得见,kàn de jiàn
看得起,kàn de qǐ
看好,kàn hǎo
看作,kàn zuò
康复,kāng fù
抗议,kàngyì
考场,kǎo chǎng
考题,kǎo tí
科研,kē yán
客车,kè chē
肯,kěn
空军,kōng jūn
口试,kǒu shì
扣,kòu
酷,kù
跨,kuà
快车,kuài chē
宽阔,kuān kuò
矿,kuàng
阔,kuò
啦,la
来往,lái wǎng
赖,lài
栏目,lánmù
蓝领,lán lǐng
蓝天,lán tiān
懒,lǎn
牢,láo
老乡,lǎo xiāng
冷气,lěng qì
冷水,lěng shuǐ
礼堂,lǐ táng
理,lǐ
理财,lǐ cái
理智,lǐzhì
力,lì 
利,lì
联盟,liánméng
联赛,lián sài
联手,lián shǒu
凉鞋,liáng xié
两侧,liǎng cè
两手,liǎng shǒu
聊,liáo
聊天儿,liáo tiānr
料,liào
料,liào
裂,liè
灵活,línghuó
领取,lǐng qǔ
领袖,lǐngxiù
另,lìng
留言,liú yán
流感,liú gǎn
楼道,lóu dào
楼房,lóu fáng
露,lòu
陆军,lù jūn
录像,lù xiàng
录音机,lù yīn jī
路过,lù guò
露,lù
旅店,lǚ diàn
绿化,lǜ huà
马车,mǎ chē
嘛,ma
埋,mái
馒头,mántou
慢车,màn chē
盲人,máng rén
梅花,méi huā
美容,měi róng
蒙,mēng
蒙,méng
猛,měng
棉,mián
免得,miǎndé
面对面,miàn duì miàn
面向,miàn xiàng
妙,miào
灭,miè
民歌,mín gē
民工,mín gōng
民警,mín jǐng
民意,mín yì
民主,mínzhǔ
名额,míng’é
名胜,míng shèng
名义,míng yì
名誉,míngyù
明日,míng rì
命,mìng
膜,mó
磨,mó
没收,mò shōu
墨水,mò shuǐ
母,mǔ
母鸡,mǔ jī
母女,mǔ nǚ
母子,mǔ zǐ
墓,mù
拿走,ná zǒu
奶粉,nǎi fěn
奶牛,nǎi niú
难忘,nán wàng
内地,nèi dì
内外,nèi wài
内衣,nèi yī
能否,néng fǒu
泥,ní
扭,niǔ
排行榜,pái háng bǎng
派出,pài chū
判,pàn
盼望,pànwàng
泡,pào
炮,pào
陪同,péi tóng
配置,pèi zhì
皮球,pí qiú
偏,piān
贫困,pínkùn
品牌,pǐn pái
聘请,pìn qǐng
平凡,píngfán
平方米,píng fāng mǐ
平衡,pínghéng
平台,píng tái
评,píng
评选,píng xuǎn
屏幕,píngmù
坡,pō
扑,pū
铺,pū
欺负,qīfu
奇妙,qímiào
企图,qǐtú
起点,qǐ diǎn
起诉,qǐ sù
气氛,qìfēn
恰当,qiàdàng
恰好,qià hǎo
恰恰,qià qià
牵,qiān
铅笔,qiānbǐ
谦虚,qiānxū
前方,qián fāng
前来,qián lái
潜力,qiánlì
强盗,qiáng dào
强化,qiáng huà
强势,qiáng shì
强壮,qiáng zhuàng
桥梁,qiáoliáng
巧妙,qiǎomiào
茄子,qié zi
切实,qièshí
侵犯,qīnfàn
亲属,qīn shǔ
亲眼,qīn yǎn
倾向,qīngxiàng
清,qīng
清洁,qīngjié
清洁工,qīng jié gōng
清明节,qīng míng jié
清洗,qīng xǐ
情绪,qíngxù
求职,qiú zhí
球拍,qiú pāi
球星,qiú xīng
球员,qiú yuán
区分,qūfēn
渠道,qúdào
取款,qǔ kuǎn
取款机,qǔ kuǎn jī
去掉,qù diào
权,quán
权力,quánlì
全力,quán lì
全新,quán xīn
券,quàn
缺陷,quēxiàn
却是,què shì
让座,ràng zuò
热点,rè diǎn
热水,rè shuǐ
热水器,rè shuǐ qì
热线,rè xiàn
人权,rén quán
认同,rèn tóng
日夜,rì yè
日语,rì yǔ
融合,róng hé
融入,róng rù
如,rú
如一,rú yī
乳制品,rǔ zhì pǐn
入,rù
入学,rù xué
若,ruò
塞,sāi
赛,sài
赛场,sài chǎng
三明治,sān míng zhì
丧失,sàngshī
山峰,shān fēng
山谷,shān gǔ
山坡,shān pō
伤口,shāng kǒu
伤亡,shāng wáng
伤员,shāng yuán
商城,shāng chéng
上当,shàngdàng
上帝,shàng dì
上市,shàng shì
上台,shàng tái
上演,shàng yǎn
勺,sháo
少儿,shào ér
舌头,shétou
设计师,shè jì shī
涉及,shèjí
深化,shēn huà
深深,shēn shēn
审查,shěnchá
升级,shēng jí
升学,shēng xué
升值,shēng zhí
生活费,shēng huó fèi
省钱,shěng qián
圣诞节,shèng dàn jié
盛行,shèngxíng
师父,shī fu
师生,shī shēng
时而,shí’ér
时节,shí jié
时期,shíqī
时时,shí shí
时装,shí zhuāng
识,shí
识字,shí zì
实践,shíjiàn
食欲,shí yù
市民,shì mín
事后,shì hòu
试点,shì diǎn
适当,shì dàng
收藏,shōucáng
收取,shōu qǔ
收养,shōu yǎng
手续费,shǒu xù fèi
首,shǒu
首次,shǒu cì
首脑,shǒu nǎo
首席,shǒu xí
首相,shǒu xiàng
书房,shū fáng
薯片,shǔ piàn
薯条,shǔ tiáo
双打,shuāng dǎ
爽,shuǎng
水泥,shuǐní
税,shuì
顺,shùn
说明书,shuō míng shū
说实话,shuō shí huà
司长,sī zhǎng
死亡,sǐwáng
四处,sì chù
寺,sì
送礼,sòng lǐ
送行,sòng xíng
素质,sùzhì
算了,suàn le
算是,suàn shì
虽,suī
岁数,suì shù
所,suǒ
踏实,tāshi
塔,tǎ
踏,tà
台灯,tái dēng
太阳能,tài yáng néng
叹气,tànqì
探索,tànsuǒ
探讨,tàntǎo
趟,tàng
掏,tāo
特,tè
特大,tè dà
特地,tè dì
特快,tè kuài
特意,tèyì
疼痛,téng tòng
踢,tī
提交,tí jiāo
提升,tí shēng
天然,tiān rán
天堂,tiāntáng
天下,tiān xià
添,tiān
田,tián
田径,tiánjìng
跳水,tiào shuǐ
听取,tīng qǔ
通报,tōng bào
通道,tōng dào
通红,tōng hóng
通话,tōng huà
通行,tōng xíng
通讯,tōngxùn
同,tóng
同胞,tóngbāo
同行,tóng háng
同期,tóng qī
同一,tóng yī
铜牌,tóng pái
头疼,tóu téng
投票,tóupiào
透露,tòulù
图书,tú shū
徒弟,túdì
途径,tújìng
土,tǔ
团队,tuán duì
推出,tuī chū
退票,tuì piào
吞,tūn
托,tuō
拖,tuō
拖鞋,tuō xié
挖,wā
娃娃,wáwa
哇,wa
外币,wài bì
外部,wài bù
外出,wài chū
外观,wài guān
外科,wài kē
外来,wài lái
外头,wài tou
外衣,wài yī
外资,wài zī
弯曲,wān qū
顽皮,wán pí
顽强,wánqiáng
王后,wáng hòu
王子,wángzǐ
网吧,wǎng bā
网页,wǎng yè
往后,wǎng hòu
往来,wǎng lái
往年,wǎng nián
望见,wàng jiàn
危机,wēijī
威胁,wēixié
微波炉,wēi bō lú
维生素,wéishēngsù
为此,wèi cǐ
为何,wèi hé
文娱,wén yú
卧铺,wò pù
乌云,wū yún
无边,wú biān
无关,wú guān
无效,wú xiào
舞蹈,wǔdǎo
物品,wù pǐn
误,wù
西班牙语,xī bān yá yǔ
吸毒,xī dú
牺牲,xīshēng
洗衣粉,xǐ yī fěn
戏曲,xì qǔ
细胞,xìbāo
细菌,xìjūn
先锋,xiān fēng
嫌,xián
显出,xiǎn chū
险,xiǎn
线路,xiàn lù
陷入,xiànrù
响声,xiǎng shēng
想不到,xiǎng bú dào
消耗,xiāohào
消灭,xiāomiè
小费,xiǎo fèi
小麦,xiǎomài
小于,xiǎo yú
晓得,xiǎo dé
笑脸,xiào liǎn
笑容,xiào róng
笑声,xiào shēng
协会,xiéhuì
协商,xiéshāng
协调,xiétiáo
协助,xiézhù
写字楼,xiě zì lóu
写字台,xiě zì tái
心灵,xīnlíng
心愿,xīn yuàn
心脏,xīnzàng
心脏病,xīn zàng bìng
新人,xīn rén
新兴,xīn xīng
薪水,xīnshui
信仰,xìnyǎng
信用,xìn yòng
兴旺,xīngwàng
行程,xíng chéng
形,xíng
凶,xiōng
凶手,xiōngshǒu
修车,xiū chē
袖珍,xiù zhēn
悬,xuán
旋转,xuánzhuǎn
选拔,xuǎnbá
选举,xuǎnjǔ
学会,xué huì
学员,xué yuán
血管,xuè guǎn
血液,xuè yè
循环,xúnhuán
压迫,yāpò
烟花,yān huā
沿,yán
沿海,yánhǎi
沿着,yán zhe
研发,yán fā
眼看,yǎn kàn
演奏,yǎnzòu
宴会,yànhuì
洋,yáng
仰,yǎng
养老,yǎng lǎo
氧气,yǎngqì
样,yàng
药品,yào pǐn
要不然,yào bù rán
要好,yào hǎo
要么,yào me
要素,yàosù
野,yě
野生,yě shēng
医药,yī yào
依次,yī cì
依赖,yīlài
一次性,yí cì xìng
一代,yí dài
一道,yí dào
一贯,yíguàn
一路上,yí lù shàng
仪器,yíqì
仪式,yíshì
遗憾,yíhàn
一番,yì fān
一模一样,yì mú yí yàng
一齐,yì qí
一时,yì shí
一同,yì tóng
一行,yì xíng
艺人,yì rén
议题,yì tí
异常,yìcháng
意想不到,yì xiǎng bù dào
意愿,yì yuàn
因,yīn
因素,yīnsù
阴谋,yīnmóu
阴影,yīn yǐng
音量,yīn liàng
音像,yīn xiàng
隐藏,yǐn cáng
隐私,yǐnsī
印,yìn
英雄,yīngxióng
迎来,yíng lái
影迷,yǐng mí
影星,yǐng xīng
应对,yìng duì
应急,yìng jí
用处,yòng chù
用得着,yòng de zháo
用法,yòng fǎ
用品,yòng pǐn
用心,yòng xīn
优质,yōu zhì
游人,yóu rén
游玩,yóu wán
游戏机,yóu xì jī
游行,yóu xíng
有关,yǒu guān
有没有,yǒu méi yǒu
有事,yǒu shì
于,yú
娱乐,yúlè
愉快,yúkuài
与,yǔ
宇航员,yǔ háng yuán
雨衣,yǔ yī
预约,yù yuē
元素,yuánsù
园,yuán
园地,yuán dì
原,yuán
原告,yuángào
原谅,yuánliàng
圆珠笔,yuán zhū bǐ
援助,yuán zhù
缘故,yuángù
远方,yuǎn fāng
远离,yuǎn lí
远远,yuǎn yuǎn
约定,yuē dìng
乐曲,yuè qǔ
晕,yūn
允许,yǔnxǔ
运作,yùn zuò
晕车,yùn chē
杂,zá
再生,zài shēng
再说,zài shuō
遭到,zāo dào
遭受,zāoshòu
遭遇,zāoyù
早晚,zǎo wǎn
增进,zēng jìn
增值,zēng zhí
扎,zhā
扎实,zhāshi
炸,zhà
炸弹,zhà dàn
炸药,zhà yào
债,zhài
占据,zhànjù
战场,zhàn chǎng
战略,zhànlüè
战术,zhànshù
战友,zhàn yǒu
站台,zhàn tái
章,zhāng
长,zhǎng 
掌声,zhǎng shēng
账,zhàng
账户,zhànghù
涨,zhǎng
障碍,zhàng’ài
招,zhāo
招聘,zhāopìn
照样,zhàoyàng
照耀,zhàoyào
哲学,zhéxué
这就是说,zhè jiù shì shuō
镇,zhèn
争夺,zhēngduó
整顿,zhěngdùn
整治,zhěng zhì
正当,zhèngdāng
政策,zhèngcè
政党,zhèng dǎng
政权,zhèngquán
症状,zhèngzhuàng
之类,zhī lèi
支撑,zhīchēng
支援,zhīyuán
枝,zhī
知名,zhī míng
织,zhī
直升机,zhí shēng jī
职责,zhí zé
止,zhǐ
只得,zhǐ dé
只顾,zhǐ gù
只管,zhǐ guǎn
指定,zhǐdìng
指数,zhǐ shù
指头,zhǐ tou
指着,zhǐ zhe
至于,zhìyú
治病,zhì bìng
智慧,zhìhuì
中等,zhōng děng
中华,zhōng huá
中期,zhōng qī
中外,zhōng wài
忠心,zhōng xīn
钟头,zhōng tóu
肿,zhǒng
种种,zhǒng zhǒng
粥,zhōu
珠宝,zhū bǎo
诸位,zhūwèi
主持人,zhǔ chí rén
主角,zhǔ jué
主流,zhǔliú
煮,zhǔ
住宅,zhùzhái
驻,zhù
柱子,zhù zi
祝愿,zhù yuàn
专用,zhuān yòng
转,zhuàn
转动,zhuàn dòng
赚,zhuàn
赚钱,zhuàn qián
装备,zhuāngbèi
壮观,zhuàngguān
追究,zhuījiū
捉,zhuō
咨询,zīxún
自来水,zì lái shuǐ
自我,zì wǒ
自学,zì xué
自言自语,zì yán zì yǔ
自在,zì zài
宗教,zōngjiào
总部,zǒng bù
总监,zǒng jiān
总经理,zǒng jīng lǐ
总量,zǒng liàng
走私,zǒusī
奏,zòu
租金,zū jīn
足,zú
足以,zúyǐ
族,zú
族,zú 
祖父,zǔfù
祖国,zǔguó
祖母,zǔ mǔ
钻,zuàn
最佳,zuì jiā
最终,zuì zhōng
罪,zuì
罪恶,zuì è
作,zuò
作废,zuòfèi
作战,zuò zhàn
