Chinese,Pinyin,English
爱,ài,love
爱好,ài hào,hobby
八,bā,eight
爸爸｜爸,bàba ｜ bà,dad
吧,ba,(interjection particle)
白（形）,bái ,white
白天,bái tiān,day
百,bǎi,hundred
班,bān,class
半,bàn,half
半年,bàn nián,half a year
半天,bàn tiān,half day
帮,bāng,help
帮忙,bāng máng,help
包,bāo,package
包子,bāo zi,bun
杯,bēi,cup
杯子,bēi zi,cup
北,běi,north
北边,běi biān,North side
北京,běi jīng,Beijing
本（量）,běn ,"(measure word for books or
volumes)"
本子,běn zi,book
比,bǐ,particle used for comparison
别（副）,bié,Don’t
别的,bié de,other
别人,bié·rén,other people
病,bìng,disease
病人,bìng rén,patient
不大,bú dà,not big
不对,bú duì,wrong
不客气,bú kè qì,You’re welcome
不用,bú yòng,No need to
不,bù,No
菜,cài,dish
茶,chá,tea
差,chà,differ from; bad; short of 
常,cháng,often
常常,cháng cháng,often
唱,chàng,sing
唱歌,chàng gē,sing
车,chē,car
车票,chē piào,ticket
车上,chē shàng,in the car
车站,chē zhàn,station
吃,chī,eat
吃饭,chī fàn,have meal
出,chū,out
出来,chū lái,come
出去,chū qù,go out
穿,chuān,wear
床,chuáng,bed
次（量）,cì ,"(measure word for times,
frequency)"
从,cóng,from
错,cuò,wrong
打（动）,dǎ ,"hit, take"
打车,dǎ chē,take a taxi
打电话,dǎ diàn huà,make a phonecall
打开,dǎ kāi,turn on
打球,dǎ qiú,play ball
大,dà,"large, big"
大学,dà xué,university
大学生,dà xué shēng,university student
到,dào,reach
得到,dé dào,get
地,de,auxiliary word
的,de,(aux.)
等（动）,děng,wait
地,dì,ground
地点,dìdiǎn,location
地方,dìfang,local
地上,dì shàng,on the ground
地图,dìtú,Map
弟弟｜弟,dì di ｜ dì,younger brother
第（第二）,dì （ dì èr ）,"auxiliary word for ordinal
numbers (second )"
点,diǎn,spot
电,diàn,electricity
电话,diàn huà,phone
电脑,diànnǎo,Computer
电视,diànshì,television
电视机,diàn shì jī,television
电影,diànyǐng,Film
电影院,diàn yǐng yuàn,cinema; movie theater
东,dōng,east
东边,dōng biān,east side
东西,dōngxi,thing
动,dòng,move
动作,dòngzuò,action
都,dōu,all
读,dú,read
读书,dú shū,reading; study
对（形）,duì,right
对不起,duìbuqǐ,I’m sorry.
多（形、代）,duō,many; much; more
多少,duōshao,how much
饿,è,hungry
儿子,érzi,Son
二,èr,Two
饭,fàn,rice; meal
饭店,fàndiàn,restaurant
房间,fángjiān,Room
房子,fáng zi,house; building
放,fàng,discharge
放假,fàng jià,holiday; have a holiday
放学,fàng xué,off school
飞,fēi,fly
飞机,fēijī,aircraft
非常,fēicháng,very
分（名、量）,fēn,"minute; point; part; (measure
word)"
风,fēng,wind
干,gān,dry
干净,gānjìng,clean
干,gàn,do
干什么,gàn shén me,What to do
高,gāo,high
高兴,gāoxìng,happy
告诉,gàosu,tell
哥哥｜哥,gē ge ｜ gē,elder brother
歌,gē,song
个,gè,individual
给,gěi,give
跟,gēn,with
工人,gōngrén,Worker
工作,gōngzuò,work
关（动）,guān,shut; close; turn off
关上,guān shàng,close;shut to; turn off
贵,guì,noble
国,guó,country; state; nation
国家,guójiā,Country
国外,guó wài,foreign; oversea; abroad
过,guò,pass
还,hái,also; still; yet
还是,háishi,still
还有,hái yǒu,also; in addition; besides
孩子,háizi,Children
汉语,hànyǔ,Chinese
汉字,hàn zì,Chinese character
好（形）,hǎo,good
好吃,hǎochī,Yummy
好看,hǎo kàn,good looking
好听,hǎo tīng,pleasant to hear
好玩儿,hǎo wánr,fun; interesting
号,hào,Number/date
喝,hē,drink
和,hé,and
很,hěn,very
后,hòu,back; behind; after; later
后边,hòu biān,behind; back
后天,hòu tiān,day after tomorrow
花（名）,huā,flower
话,huà,word; words
坏,huài,bad
还,huán,return; pay back
回（动）,huí,go back; return
回答,huídá,Answer
回到,huí dào,back to
回家,huí jiā,go home; return home
回来,huí lái,come back; return
回去,huí qù,go back
会（动）,huì,can; be able to
火车,huǒ chē,train
机场,jīchǎng,Airport
机票,jī piào,air ticket
鸡蛋,jīdàn,Egg
几,jǐ,several
记,jì,remember
记得,jìdé,remember
记住,jì zhù,remember; keep in mind
家,jiā,home
家里,jiā lǐ,In the home
家人,jiā rén,family
间,jiān,between; measure word for rooms
见,jiàn,see; meet
见面,jiànmiàn,meet
教,jiāo,teach
叫（动）,jiào,call; be called
教学楼,jiào xué lóu,teaching building
姐姐｜姐,jiě jie ｜ jiě,elder sister
介绍,jièshào,introduce
今年,jīn nián,this year
今天,jīntiān,Today
进,jìn,enter
进来,jìn lái,come in
进去,jìn qù,go in
九,jiǔ,Nine
就,jiù,as soon as; right away; then
觉得,juéde,Think
开,kāi,open
开车,kāi chē,drive; drive a car
开会,kāi huì,have a meeting
开玩笑,kāiwánxiào,Make fun of
看,kàn,see
看病,kàn bìng,see a doctor
看到,kàn dào,see
看见,kànjiàn,seeing
考,kǎo,test; examine
考试,kǎoshì,Examination
渴,kě,thirsty
课,kè,course
课本,kè běn,textbook
课文,kè wén,text
口,kǒu,mouth
块,kuài,block
快,kuài,fast
来,lái,come
来到,lái dào,come; arrive
老（形）,lǎo,old; aged
老人,lǎo rén,old people; the aged
老师,lǎoshī,Teacher
了,le,past tense marker
累,lèi,tired
冷,lěng,cold
里,lǐ,in
里边,lǐ biān,inside
两（数）,liǎng,two
零｜〇,líng ｜ líng,zero
六,liù,Six
楼,lóu,floor
楼上,lóu shàng,upstairs
楼下,lóu xià,downstairs
路,lù,road
路口,lù kǒu,intersection; crossing
路上,lù shàng,on the road
妈妈｜妈,mā ma ｜ mā,mom; mother
马路,mǎ lù,road; street
马上,mǎshàng,"Right
off"
吗,ma,auxiliary word
买,mǎi,buy
慢,màn,slow
忙,máng,busy
毛（量）,máo,a fractional unit of money in China (measure word)
没,méi,no
没关系,méiguānxi,"No
problem"
没什么,méi shén me,It’s nothing
没事儿,méi shìr,It’s okay
没有,méi yǒu,have not; no
妹妹｜妹,mèi mei ｜ mèi,younger sister
门,mén,door
门口,mén kǒu,doorway
门票,mén piào,tickets
们（朋友们）,"men （
péng yǒu men ）","plural marker for pronouns and a few animate nouns
(friends)"
米饭,mǐfàn,"Steamed
Rice"
面包,miànbāo,Bread
面条儿,miàn tiáor,noodles
名字,míngzi,Name
明白,míngbai,clear
明年,míng nián,next year
明天,míngtiān,Tomorrow
拿,ná,take
哪,nǎ,which
哪里,nǎ lǐ,where
哪儿,nǎr,where
哪些,nǎ xiē,which
那（代）,nà,that
那边,nà biān,there
那里,nà lǐ,there
那儿,nàr,there
那些,nà xiē,those
奶,nǎi,milk
奶奶,nǎinai,grandma
男,nán,Man
男孩儿,nán háir,boy
男朋友,nán péng yǒu,boyfriend
男人,nán ren,man
男生,nán shēng,boy
南,nán,south
南边,nán biān,south; south side
难,nán,"hard, difficult"
呢,ne,auxiliary word
能,néng,can
你,nǐ,you
你们,nǐ men,you
年,nián,year
您,nín,you
牛奶,niúnǎi,milk
女,nǚ,woman
女儿,nǚ’ér,daughter
女孩儿,nǚ háir,girl
女朋友,nǚ péng yǒu,girlfriend
女人,nǚ ren,woman
女生,nǚ shēng,girl
旁边,pángbiān,Side
跑,pǎo,run
朋友,péngyou,Friend
票,piào,ticket
七,qī,Seven
起,qǐ,get up; start; rise
起床,qǐchuáng,"Get
up"
起来,qǐlái,"get
up"
汽车,qì chē,car
前,qián,front
前边,qián biān,in front
前天,qián tiān,the day before yesterday
钱,qián,money
钱包,qián bāo,wallet
请,qǐng,please
请假,qǐngjià,"ask
for leave"
请进,qǐng jìn,please come in
请问,qǐng wèn,excuse me
请坐,qǐng zuò,please have a seat
球,qiú,ball
去,qù,go
去年,qùnián,"Last
year"
热,rè,heat
人,rén,people
认识,rènshi,know
认真,rènzhēn,earnest
日,rì,date
日期,rìqī,Date
肉,ròu,meat
三,sān,Three
山,shān,mountain
商场,shāng chǎng,mall; shopping mall
商店,shāngdiàn,Shop
上,shàng,upper
上班,shàngbān,"go
to work"
上边,shàng biān,above; on
上车,shàng chē,get on
上次,shàng cì,last time
上课,shàng kè,attend class; have a class
上网,shàngwǎng,"Surf
the Internet"
上午,shàngwǔ,morning
上学,shàng xué,go to school
少,shǎo,less
谁,shéi,who
身上,shēn shàng,body; on one’s body
身体,shēntǐ,body
什么,shénme,What
生病,shēngbìng,"Fall
ill"
生气,shēngqì,"get
angry"
生日,shēngrì,Birthday
十,shí,Ten
时候,shíhou,time
时间,shíjiān,time
事,shì,thing
试,shì,try
是,shì,yes
是不是,shì bú shì,isn’t it?
手,shǒu,hand
手机,shǒujī,"Mobile
phone"
书,shū,book
书包,shū bāo,school bag
书店,shū diàn,bookstore
树,shù,tree
水,shuǐ,water
水果,shuǐguǒ,Fruits
睡,shuì,sleep
睡觉,shuìjiào,sleep
说,shuō,speak
说话,shuōhuà,talk
四,sì,Four
送,sòng,give
岁,suì,"year,
age"
他,tā,he
他们,tā men,they
她,tā,she
她们,tā men,they
太,tài,too
天,tiān,day
天气,tiānqì,weather
听,tīng,hear
听到,tīng dào,hear
听见,tīng jiàn,hear
听写,tīng xiě,dictation; dictate
同学,tóngxué,Classmate
图书馆,túshūguǎn,Library
外,wài,"abroad,
outside"
外边,wài biān,outside
外国,wài guó,foreign country
外语,wài yǔ,foreign language
玩儿,wánr,play
晚,wǎn,late
晚饭,wǎn fàn,dinner
晚上,wǎnshang,Night
网上,wǎng shàng,online
网友,wǎng yǒu,net friend
忘,wàng,forget
忘记,wàngjì,forget
问,wèn,ask
我,wǒ,I
我们,wǒmen,We
五,wǔ,Five
午饭,wǔ fàn,lunch
西,xī,west
西边,xī biān,west; west side
洗,xǐ,wash
洗手间,xǐshǒujiān,Restroom
喜欢,xǐhuan,like
下（名、动）,xià,below; under; next; go down; get off
下班,xià bān,get off work
下边,xià biān,below; under
下车,xià chē,get off
下次,xià cì,next time
下课,xià kè,finish class
下午,xiàwǔ,Afternoon
下雨,xiàyǔ,rain
先,xiān,before
先生,xiānsheng,Sir
现在,xiànzài,Now
想,xiǎng,think
小,xiǎo,Small
小孩儿,xiǎo háir,child; kid
小姐,xiǎojiě,Miss
小朋友,xiǎo péng yǒu,child; kid
小时,xiǎoshí,hour
小学,xiǎo xué,primary school; elementary schoo
小学生,xiǎo xué shēng,elementary school student
笑,xiào,laugh
写,xiě,write
谢谢,xièxie,"Thank
you"
新,xīn,new
新年,xīn nián,New Year
星期,xīngqī,week
星期日,xīng qī rì,Sunday
星期天,xīng qī tiān,Sunday
行,xíng,"That’s
ok"
休息,xiūxi,Rest
学,xué,learn; study
学生,xuésheng,Student
学习,xuéxí,Study
学校,xuéxiào,School
学院,xué yuàn,college; academy
要（动）,yào,want
爷爷,yéye,grandpa
也,yě,also
页,yè,page
一,yī,One
衣服,yīfu,clothes
医生,yīshēng,Doctor
医院,yīyuàn,Hospital
一半,yí bàn,half
一会儿,yíhuìr,"A
little while"
一块儿,yí kuàir,together
一下儿,yí xiàr,a little bit
一样,yíyàng,equally
一边,yìbiān,"One
side"
一点儿,yīdiǎnr,"a
little bit"
一起,yìqǐ,together
一些,yì xiē,some
用,yòng,use
有,yǒu,have
有的,yǒu de,some
有名,yǒumíng,Famous
有时候｜有时,yǒu shí hòu ｜ yǒu shí,sometimes
有（一）些,yǒu （ yì ） xiē,some
有用,yǒu yòng,useful
右,yòu,right
右边,yòubian,Right
雨,yǔ,rain
元,yuán,"element;
Yuan"
远,yuǎn,far
月,yuè,month
再,zài,again
再见,zàijiàn,Bye
在,zài,"stay;
in process of"
在家,zài jiā,at home
早,zǎo,early
早饭,zǎo fàn,breakfast
早上,zǎoshang,Morning
怎么,zěnme,How
站（名）,zhàn,station
找,zhǎo,"look
for"
找到,zhǎo dào,find
这,zhè,"Here
(here)"
这边,zhè biān,here
这里,zhè lǐ,here
这儿,zhèr,here
这些,zhè xiē,these
着,zhe,"in
process of"
真,zhēn,really
真的,zhēn de,really
正（副）,zhèng,just; exactly
正在,zhèngzài,"in
process of"
知道,zhīdào,know
知识,zhīshi,knowledge
中,zhōng,middle; in
中国,zhōngguó,China
中间,zhōngjiān,Middle
中文,zhōngwén,Chinese
中午,zhōngwǔ,Noon
中学,zhōng xué,middle school
中学生,zhōng xué shēng,middle School student
重,zhòng,heavy
重要,zhòngyào,important
住,zhù,live
准备,zhǔnbèi,"Get
ready"
桌子,zhuōzi,Table
字,zì,"word,
character"
子（桌子）,zi （ zhuō zi ）,noun suffix (table)
走,zǒu,"go,
walk"
走路,zǒu lù,walk
最,zuì,most
最好,zuìhǎo,Best
最后,zuìhòu,Last
昨天,zuótiān,Yesterday
左,zuǒ,left
左边,zuǒbian,left
坐,zuò,sit
坐下,zuò xià,sit down
啊 ,a,auxiliary word
爱情,àiqíng,Love
爱人,ài rén,lover
安静,ānjìng,Be quiet
安全,ānquán,security
白色,bái sè,white
班长,bān zhǎng,monitor; squad leader
办,bàn,do
办法,bànfǎ,Way
办公室,bàngōngshì,Office
半夜,bàn yè,midnight
帮助,bāngzhù,Help
饱,bǎo,full
报名,bàomíng,sign up
报纸,bàozhǐ,Newspaper
北方,běifāng,north
背（动）,bēi,carry on the back; shoulder
比如,bǐrú,such as
比如说,bǐ rú shuō,for example
笔,bǐ,pen
笔记,bǐ jì,note; notes
笔记本,bǐjìběn,Notebook
必须,bìxū,Must
边,biān,side
变,biàn,change
变成,biàn chéng,become; change into
遍,biàn,Times
表,biǎo,watch
表示,biǎoshì,Express
不错,bú cuò,not bad; pretty good
不但,bú dàn,not only
不够,bú gòu,not enough
不过,búguò,However
不太,bú tài,not too; not very much
不要,bú yào,don’t
不好意思,bù hǎo yì sī,sorry; feel embarrassed
不久,bù jiǔ,soon
不满,bù mǎn,dissatisfied
不如,bùrú,not as good as
不少,bù shǎo,not a few; a lot
不同,bù tóng,different
不行,bù xíng,no way; be out of the question
不一定,bù yī dìng,not necessarily; uncertain
不一会儿,bù yī huìr,"in a moment; in a little while;
soon"
部分,bùfen,Part
才（副）,cái,only; just
菜单,càidān,menu
参观,cānguān,visit
参加,cānjiā,participate in
草,cǎo,grass
草地,cǎo dì,grass; lawn
层,céng,layer
查,chá,search; check
差不多,chàbuduō,Almost
长,cháng,long
常见,cháng jiàn,common
常用,cháng yòng,in common use
场,chǎng,site
超过,chāoguò,Exceed
超市,chāoshì,Supermarket
车辆,chē liàng,car; vehicle
称¹（动）,chēng,call; say
成（动）,chéng,become; finish
成绩,chéngjì,achievement
成为,chéngwéi,Become
重复,chóngfù,repeat
重新,chóngxīn,again
出发,chūfā,Set out
出国,chū guó,go abroad
出口（名）,chū kǒu,export
出门,chū mén,go out
出生,chūshēng,Birth
出现,chūxiàn,Appear
出院,chū yuàn,discharged; leave hospital
出租,chū zū,rent
出租车,chūzūchē,Taxi
船,chuán,ship
吹,chuī,blow
春节,chūn jié,"Spring Festival; Chinese New
Year"
春天,chūn tiān,spring
词,cí,word
词典,cídiǎn,Dictionary
词语,cíyǔ,terms
从小,cóng xiǎo,from childhood
答应,dāying,promise
打工,dǎgōng,Work
打算,dǎsuàn,Plan
打印,dǎyìn,Print
大部分,dà bù fèn,most
大大,dà dà,greatly; enormously
大多数,dà duō shù,most; great majority
大海,dà hǎi,sea
大家,dàjiā,everybody
大量,dà liàng,a lot of; lots of
大门,dà mén,door; gate
大人,dà rén,adult
大声,dà shēng,loud
大小,dà xiǎo,size
大衣,dà yī,overcoat
大自然,dà zì rán,nature
带,dài,belt
带来,dài lái,bring
单位,dānwèi,Company
但,dàn,but; however
但是,dàn shì,but; however
蛋,dàn,egg
当,dāng,When
当时,dāngshí,at that time
倒,dǎo,"fall, topple, fail"
到处,dàochù,everywhere
倒,dào,inverted
道,dào,road; way; path
道理,dàolǐ,truth
道路,dào lù,road; way; path
得,dé,get
得出,dé chū,obtain results; reach conclusion
的话,de huà,if
得,de,auxiliary verb
灯,dēng,lamp
等（助、名）,děng,etc.; and so on
等到,děng dào,wait until; by the time
等于,děngyú,Be equal to
低,dī,low
地球,dìqiú,earth
地铁,dìtiě,metro
地铁站,dì tiě zhàn,subway station
点头,diǎn tóu,nod
店,diàn,shop; store
掉,diào,fall
东北,dōng běi,northeast
东方,dōng fāng,east
东南,dōng nán,southeast
冬天,dōng tiān,winter
懂,dǒng,understand
懂得,dǒng de,know; understand; comprehend
动物,dòngwù,Animal
动物园,dòng wù yuán,zoo
读音,dú yīn,pronunciation
度,dù,degree; limit
短,duǎn,short
短信,duǎnxìn,message
段,duàn,paragraph
队,duì,team
队长,duì zhǎng,team leader; captain
对（介、动）,duì,"to; at; face; be opposite;
answer"
对话,duìhuà,dialogue
对面,duìmiàn,Opposite side
多（副）,duō,much more; far more
多久,duō jiǔ,how long
多么,duōme,what
多数,duō shù,most; majority
多云,duō yún,cloudy
而且,ér qiě,and
发,fā,send out
发现,fāxiàn,find
饭馆,fàn guǎn,restaurant
方便,fāngbiàn,convenient
方便面,fāng biàn miàn,Instant noodles
方法,fāngfǎ,Method
方面,fāngmiàn,Aspect
方向,fāngxiàng,direction
放下,fàng xià,put down; lay down; drop
放心,fàngxīn,Don’t worry
分（动）,fēn,divide; part; distribute
分开,fēn kāi,separate; part
分数,fēn shù,score; mark; fraction
分钟,fēnzhōng,Minute
份,fèn,share
封（量）,fēng,(measure word)
服务,fú wù,service
复习,fùxí,Review
该（动）,gāi,deserve; should; owe
改,gǎi,"change; correct; revise; switch
over"
改变,gǎibiàn,change
干杯,gānbēi,Cheers!
感到,gǎn dào,feel; sense
感动,gǎndòng,Be moved
感觉,gǎnjué,feel
感谢,gǎnxiè,Thank
干活儿,gànhuór,work on a job
刚,gāng,just
刚才,gāngcái,just
刚刚,gāng gāng,just; only; just a moment ago
高级,gāojí,senior
高中,gāo zhōng,senior high school
个子,gèzi,Height
更,gèng,more
公共汽车,gōnggòngqìchē,Bus
公交车,gōng jiāo chē,bus
公斤,gōngjīn,Kg.
公里,gōnglǐ,kilometre
公路,gōng lù,highway; highroad
公平,gōngpíng,fair
公司,gōngsī,company
公园,gōngyuán,Park
狗,gǒu,Dog
够,gòu,enough
故事,gùshi,Story
故意,gùyì,deliberately
顾客,gùkè,customer
关机,guān jī,shutdown
关心,guānxīn,Care for
观点,guāndiǎn,viewpoint
广场,guǎngchǎng,square
广告,guǎnggào,Advertisement
国际,guójì,international
过来,guò lái,come; come over
过年,guò nián,celebrate the New Year
过去（动）,guò qù,go over; pass by
过,guò,cross; pass; spend; live
海,hǎi,sea
海边,hǎi biān,seaside
喊,hǎn,shout
好（副）,hǎo,well; fine; okay
好处,hǎochu,benefit
好多,hǎo duō,many; a lot of
好久,hǎo jiǔ,for a long time; long
好人,hǎo rén,good person
好事,hǎo shì,good deed; good thing
好像,hǎoxiàng,Be like
合适,héshì,appropriate
河,hé,river
黑,hēi,black
黑板,hēibǎn,blackboard
黑色,hēi sè,black
红,hóng,red
红色,hóng sè,red
后来,hòulái,later
忽然,hūrán,suddenly
湖,hú,lake
护照,hùzhào,passport
花（动）,huā,spend; expend
花园,huā yuán,garden
画,huà,painting
画家,huà jiā,painter; artist
画儿,huàr,painting; drawing
坏处,huài chù,disadvantage; harm
坏人,huài rén,bad person
欢迎,huānyíng,Welcome
换,huàn,change
黄,huáng,yellow
黄色,huáng sè,yellow
回（量）,huí,(measure word)
回国,huí guó,return home from abroad
会（名）,huì,"meeting; gathering; conference;
union; party"
活动,huódòng,activity
或,huò,or
或者,huòzhě,perhaps
机会,jīhuì,Opportunity
鸡,jī,chicken
级,jí,level; rank; grade; degree; step
急,jí,fast; anxious; urgent; annoyed
计划,jìhuà,plan
计算机,jì suàn jī,computer
加,jiā,add; increase; put in
加油,jiā yóu,"oil; refuel; make an all-out
effort"
家（科学家）,jiā,noun suffix (scientist)
家庭,jiātíng,Family
家长,jiā zhǎng,parent; the head of the family
假,jiǎ,false 
假期,jià qī,holiday; vacation
检查,jiǎnchá,inspect; check
见到,jiàn dào,see
见过,jiàn guò,seen; have seen
件,jiàn,piece
健康,jiànkāng,Healthy
讲,jiǎng,speak
讲话,jiǎng huà,speak; talk
交,jiāo,hand over
交给,jiāo gěi,hand over
交朋友,jiāo péng yǒu,make friends
交通,jiāotōng,traffic
角,jiǎo,horn
角度,jiǎodù,angle
饺子,jiǎozi,Dumplings
脚,jiǎo,foot
叫作,jiào zuò,be called; be known as
教师,jiào shī,teacher
教室,jiàoshì,Classroom
教学,jiào xué,teach
教育,jiàoyù,education
接,jiē,meet， pick
接到,jiē dào,receive
接受,jiēshòu,accept
接下来,jiē xià lái,next
接着,jiēzhe,Next
街,jiē,street
节（名、量）,jié,"festival; holiday; joint;
(measure word)"
节目,jiémù,program
节日,jiérì,festival
结果,jiéguǒ,Result
借,jiè,borrow
斤,jīn,a unit of weight (=1/2 kilogram)
今后,jīn hòu,from now on; in the future
进入,jìn rù,enter; go in; join
进行,jìnxíng,Conduct
近,jìn,near
经常,jīngcháng,Often
经过,jīngguò,"after, through"
经理,jīnglǐ,manager
酒,jiǔ,alcohol; liqueur
酒店,jiǔ diàn,hotel
就要,jiù yào,be going to; be about to
举,jǔ,lift
举手,jǔ shǒu,raise one’s hand or hands
举行,jǔxíng,hold
句,jù,sentence
句子,jùzi,sentence
卡,kǎ,card
开机,kāi jī,starting up
开心,kāixīn,Happy
开学,kāi xué,school opens; term begins
看法,kànfǎ,view
考生,kǎo shēng,examinee
靠,kào,lean
科,kē,subject; family; section
科学,kēxué,science
可爱,kě’ài,Lovely
可能,kěnéng,Probably
可怕,kěpà,dreadful
可是,kěshì,however
可以,kěyǐ,Sure
克,kè,gram
刻（量）,kè,a quarter (of an hour)
客人,kèrén,Guest
课堂,kè táng,classroom
空气,kōngqì,atmosphere
哭,kū,cry
快餐,kuài cān,fast food
快点儿,kuài diǎnr,hurry up
快乐,kuàilè,happy
快要,kuài yào,be about to; be going to
筷子,kuàizi,chopsticks
拉,lā,pull
来自,láizì,Come from
蓝,lán,blue
蓝色,lán sè,blue
篮球,lán qiú,basketball
老（副）,lǎo,always; constantly
老（老王）,lǎo （ lǎo wáng ）,noun prefix (Lao Wang)
老年,lǎo nián,elderly
老朋友,lǎo péng yǒu,old friend
老是,lǎo shì,always; all times
离,lí,leave
离开,líkāi,leave
礼物,lǐwù,gift
里头,lǐ tou,inside
理想,lǐxiǎng,ideal
例如,lìrú,for example
例子,lì zi,example
脸,liǎn,face
练,liàn,practice; train
练习,liànxí,Practice
凉,liáng,cool
凉快,liángkuai,Pleasantly cool
两（量）,liǎng,a unit of weight (=50 grams)
亮,liàng,bright
辆,liàng,Car (measure word)
零下,líng xià,below zero
留,liú,stay
留下,liú xià,stay; remain
留学生,liú xué shēng,"student studying abroad;
returned student"
流,liú,flow; spread
流利,liúlì,fluent
流行,liúxíng,Popular
路边,lù biān,roadside; wayside
旅客,lǚ kè,passenger; traveler
旅行,lǚxíng,travel
旅游,lǚyóu,Tourism
绿,lǜ,green
绿色,lǜ sè,green
卖,mài,sell
满,mǎn,full
满意,mǎnyì,Satisfied
猫,māo,cat
米（量）,mǐ,meter
面¹（名、量）,miàn ¹,(measure word); side; aspect
面²（名）,miàn ²,"face; surface; outside; side;
scale; flour"
面前,miàn qián,in front of; before
名,míng,name
名称,míng chēng,name; designation
名单,míng dān,list
明星,míngxīng,Star
目的,mùdì,objective
拿出,ná chū,take out
拿到,ná dào,get
那（连）,nà,then; in that case
那会儿,nà huìr,at that time; then
那么,nà me,like that; in that way
那时候｜那时,nà shí hou ｜ nà shí,at that time
那样,nà yàng,that kind; like that; such
南方,nán fāng,south
难过,nánguò,Sorry
难看,nán kàn,ugly
难受,nánshòu,Uncomfortable
难题,nán tí,problem; difficult problem; puzzle
难听,nán tīng,unpleasant to hear
能够,néng gòu,be able to; can
年级,niánjí,grade
年轻,niánqīng,Young
鸟,niǎo,bird
弄,nòng,"get,
make"
努力,nǔlì,Strive
爬,pá,climb; creep; scramble
爬山,páshān,"Mountain
climbing"
怕（动）,pà,be afraid; fear; dread
排（名、量）,pái,row; line
排队,páiduì,"queue;
stand in a line"
排球,pái qiú,volleyball
碰,pèng,"touch,
meet"
碰到,pèng dào,meet; run into; bump into
碰见,pèng jiàn,meet; run into; bump into
篇,piān,piece
便宜,piányi,Cheap
片,piàn,slice
漂亮,piàoliang,"Well
done!； beautiful"
平,píng,flat
平安,píng’ān,"sound
and safe"
平常,píngcháng,Usual
平等,píngděng,equality
平时,píngshí,peacetime
瓶,píng,bottle
瓶子,píngzi,Bottle
普通,pǔ tōng,ordinary; general; average; common
普通话,pǔtōnghuà,Mandarin
其他,qítā,Other
其中,qízhōng,among
骑,qí,ride
骑车,qí chē,cycle
起飞,qǐfēi,"take
off"
气,qì,air; gas; breath
气温,qì wēn,air temperature
千,qiān,thousand
千克,qiān kè,kilogram
前年,qián nián,the year before last
墙,qiáng,wall
青年,qīng nián,youth; young
青少年,qīngshàonián,Teenagers
轻,qīng,light
清楚,qīngchu,clear
晴,qíng,Sunny
晴天,qíng tiān,sunny day
请客,qǐng kè,stand treat; entertain
请求,qǐngqiú,request
秋天,qiū tiān,fall; autumn
求,qiú,request; beg; entreat; beseech
球场,qiú chǎng,court; field
球队,qiú duì,team
球鞋,qiú xié,sneakers; gym shoes
取,qǔ,take
取得,qǔ dé,acquire; gain; obtain
全,quán,whole; entire; complete
全部,quánbù,whole
全国,quán guó,nationwide; entire country
全家,quán jiā,whole family
全年,quán nián,annual; yearly
全身,quán shēn,whole body
全体,quán tǐ,all; entire; whole
然后,ránhòu,Then
让,ràng,"Give
Way"
热情,rèqíng,Enthusiasm
人口,rénkǒu,population
人们,rén men,people
人数,rén shù,number of people
认为,rènwéi,think
日报,rì bào,"daily, journal"
日子,rìzi,"life,
days"
如果,rúguǒ,If
入口,rùkǒu,Entrance
商量,shāngliang,discuss
商人,shāng rén,businessman
上周,shàng zhōu,last week
少数,shǎo shù,small number; few; minority
少年,shào nián,juvenile; young person
身边,shēn biān,at [by] one’s side
什么样,shén me yàng,what kind
生（动）,shēng,give birth; be born
生词,shēng cí,new word
生活,shēnghuó,Life
声音,shēngyīn,voice
省（名）,shěng,province
省（动）,shěng,economize; save; omit; leave out
十分,shífēn,very
实际,shíjì,Actual
实习,shíxí,Internship
实现,shíxiàn,Realization
实在,shízài,real; indeeed
实在,shízai,done carefully
食物,shíwù,food
使用,shǐyòng,Use
市,shì,city
市长,shì zhǎng,mayor
事情,shìqing,Thing
收,shōu,collect
收到,shōu dào,receive; obtain
收入,shōurù,income
手表,shǒubiǎo,"Wrist
Watch"
受到,shòudào,Suffer
舒服,shūfu,comfortable
熟,shú,ripe; cooked; familiar; skilled
数,shǔ,"to
count"
数字,shùzì,number
水平,shuǐpíng,level
顺利,shùnlì,smoothly
说明,shuōmíng,Explain
司机,sījī,Driver
送到,sòng dào,sent to (place)
送给,sòng gěi,give to (somebody or organization)
算,suàn,count; calculate
虽然,suī rán,although; though
随便,suíbiàn,casual
随时,suíshí,"at
any time"
所以,suǒ yǐ,so
所有,suǒyǒu,All
它,tā,it
它们,tā men,they
太太,tàitai,Ma’am
太阳,tàiyáng,sun
态度,tàidu,attitude
讨论,tǎolùn,discuss
套,tào,set
特别,tèbié,Especially
特点,tèdiǎn,Characteristic
疼,téng,hurt
提,tí,carry
提出,tí chū,put forward; propose; raise
提到,tí dào,mention; refer to
提高,tígāo,"increase,
promote"
题,tí,topic
体育,tǐyù,Sports
体育场,tǐ yù chǎng,stadium
体育馆,tǐ yù guǎn,stadium; gymnasium; gym
天上,tiān shàng,the sky; heaven
条,tiáo,strip
条件,tiáojiàn,condition
听讲,tīng jiǎng,attend a lecture; listen to a talk
听说,tīng shuō,be told; hear of
停,tíng,Stop
停车,tíng chē,park
停车场,tíng chē chǎng,parking lot
挺（副）,tǐng,very; quite; pretty; rather
挺好,tǐng hǎo,very good; not half bad
通,tōng,through; common; all; understand; expert
通过,tōngguò,adopt
通知,tōngzhī,notice
同时,tóngshí,meanwhile
同事,tóngshì,Colleague
同样,tóng yàng,same
头（名、量）,tóu,head; beginning or end; side; (measure word)
头（里头）,tóu,suffix (inside)
头发,tóufa,Hair
图片,tú piàn,picture; photograph
推,tuī,push
腿,tuǐ,leg
外地,wài dì,other places; nonlocal
外卖,wài mài,takeaway; take out
完,wán,finish
完成,wánchéng,complete
完全,wánquán,completely
晚安,wǎn ān,good night
晚报,wǎn bào,evening paper; evening news
晚餐,wǎn cān,dinner; supper
晚会,wǎn huì,evening party
碗,wǎn,bowl
万,wàn,"ten
thousand"
网,wǎng,net; network
网球,wǎngqiú,Tennis
网站,wǎngzhàn,website
往,wǎng,to
为,wèi,by
为什么,wèishénme,Why
位,wèi,"person
(measure word)"
味道,wèidào,taste
喂（叹）,wèi,hello; hey
温度,wēndù,temperature
闻,wén,smell
问路,wèn lù,ask for directions
问题,wèntí,problem
午餐,wǔ cān,lunch
午睡,wǔ shuì,nap
西北,xī běi,northwest
西餐,xī cān,western food
西方,xī fāng,west
西南,xī nán,southwest
西医,xī yī,western medicine
习惯,xíguàn,Habit
洗衣机,xǐ yī jī,washing machine
洗澡,xǐzǎo,"Take
a shower"
下（量）,xià,(measure word)
下雪,xià xuě,snow; snowing
下周,xià zhōu,next week
夏天,xià tiān,summer
相同,xiāngtóng,identical
相信,xiāngxìn,believe
响,xiǎng,loud 
想到,xiǎng dào,think of; call to mind; have at heart
想法,xiǎng fǎ,idea; opinion;thought
想起,xiǎng qǐ,remember; recall; think of; call to mind
向,xiàng,towards
相机,xiàng jī,camera
像（动）,xiàng,be like; resemble; look like; such as
小（小王）,xiǎo （ xiǎo wáng ）,prefix (Xiao Wang)
小声,xiǎo shēng,in a low voice; in whispers
小时候,xiǎo shí hou,in one’s childhood; when one was young
小说,xiǎoshuō,Novel
小心,xiǎoxīn,"Look
out"
小组,xiǎo zǔ,group
校园,xiào yuán,campus; schoolyard
校长,xiàozhǎng,Principal
笑话,xiàohua,joke
笑话儿,xiào huàr,joke
鞋,xié,shoes
心里,xīn lǐ,in the heart; at heart
心情,xīnqíng,mood
心中,xīn zhōng,in the heart; at heart; in mind
新闻,xīnwén,news
信（名）,xìn,letter; mail; faith
信号,xìnhào,signal
信息,xìnxī,information
信心,xìnxīn,confidence
信用卡,xìnyòngkǎ,"Credit
card"
星星,xīng xing,star
行动,xíngdòng,"Get
some action"
行人,xíngrén,pedestrian
行为,xíngwéi,behavior
姓,xìng,surname
姓名,xìng míng,full name
休假,xiū jià,have a holiday; take a vacation; be on furlough
许多,xǔduō,many
选,xuǎn,choose; select; pick
学期,xuéqī,Semester
雪,xuě,Snow
颜色,yánsè,colour
眼,yǎn,eye
眼睛,yǎnjing,Eye
养,yǎng,raise; keep; support; cultivate
样子,yàngzi,"A
look"
要求,yāoqiú,Requirement
药,yào,drug
药店,yào diàn,pharmacy
药片,yào piàn,pill
药水,yào shuǐ,liquid medicine; potion
也许,yěxǔ,perhaps
夜,yè,night
夜里,yè lǐ,at night
一部分,yí bù fèn,a part; a portion
一定,yídìng,Certain
一共,yígòng,Altogether
一会儿（副）,yí huìr,awhile; in a moment; presently
一路平安,yí lù píng ān,safe journey; have a pleasant journey
一路顺风,yí lù shùn fēng,Bon voyage
已经,yǐjīng,Already
以后,yǐ hòu,after; later on; afterwards; later
以前,yǐqián,before
以上,yǐ shàng,above; over
以外,yǐ wài,beyond; outside; other than; except
以为,yǐwéi,Think
以下,yǐ xià,below; under
椅子,yǐzi,Chair
一般,yìbān,commonly
一点点,yì diǎn diǎn,a little bit
一生,yì shēng,lifetime; all one’s life
一直,yìzhí,always
亿,yì,Billion
意见,yìjiàn,Opinion
意思,yìsi,Meaning
因为,yīn wèi,because
阴,yīn,Yin
阴天,yīn tiān,cloudy day; overcast sky
音节,yīn jié,syllable
音乐,yīnyuè,Music
音乐会,yīn yuè huì,concert
银行,yínháng,Bank
银行卡,yín háng kǎ,bank card
应该,yīnggāi,Should
英文,yīng wén,English
英语,yīng yǔ,English
影片,yǐng piàn,film; movie
影响,yǐngxiǎng,Influence
永远,yǒngyuǎn,forever
油,yóu,oil; fat; grease
游客,yóu kè,tourist; visitor
友好,yǒuhǎo,friendly
有空儿,yǒu kòngr,be free; at leisure
有人,yǒu rén,someone; there’s someone
有（一）点儿,yǒu （ yì ） diǎnr,a little bit
有意思,yǒu yì si,interesting; significant
又,yòu,also
鱼,yú,fish
语言,yǔyán,language
原来,yuánlái,"Original;
formerly"
原因,yuányīn,Reason
院,yuàn,yard; compound; courtyard; college
院长,yuàn zhǎng,dean
院子,yuàn zi,courtyard; yard
愿意,yuànyì,"Be
willing"
月份,yuè fèn,month
月亮,yuèliang,Moon
越,yuè,"The
more"
越来越,yuè lái yuè,more and more
云,yún,cloud
运动,yùndòng,motion
咱,zán,we; us
咱们,zánmen,We
脏,zāng,dirty
早餐,zǎo cān,breakfast
早晨,zǎo chén,morning
早就,zǎo jiù,long since
怎么办,zěn me bàn,how to; what to do
怎么样,zěnmeyàng,"How
about"
怎样,zěn yàng,how
占,zhàn,occupy
站（动）,zhàn,stand; stop; halt
站住,zhàn zhù,stop; halt
长,zhǎng,grow
长大,zhǎng dà,grow up
找出,zhǎo chū,find out
照顾,zhàogù,"look
after"
照片,zhàopiàn,Photo
照相,zhào xiàng,take a picture; take a photograph
这么,zhè me,so; such; this way; like this
这时候｜这时,zhè shí hou ｜ zhè shí,at this moment; at this time
这样,zhè yàng,so; such; like this; this way
真正,zhēnzhèng,real
正常,zhèngcháng,normal
正好,zhènghǎo,"Just
right"
正确,zhèngquè,Correct
正是,zhèng shì,exactly
直接,zhíjiē,direct
只,zhǐ,only; just; simply; merely
只能,zhǐ néng,can only
只要,zhǐyào,"as
long as"
纸,zhǐ,paper
中餐,zhōng cān,Chinese food
中级,zhōng jí,intermediate; middle-level
中年,zhōng nián,middle age; middle-aged
中小学,zhōng xiǎo xué,elementary and middle school
中心,zhōngxīn,core
中医,zhōng yī,Chinese Medicine
重点,zhòngdiǎn,"A
key"
重视,zhòngshì,"attach
importance to"
周,zhōu,week
周末,zhōumò,Weekend
周年,zhōunián,anniversary
主人,zhǔrén,master
主要,zhǔyào,main
住房,zhù fáng,housing; lodging
住院,zhù yuàn,be in hospital; be hospitalized
装,zhuāng,pretend
准确,zhǔnquè,accuracy
自己,zìjǐ,"Own,
self"
自行车,zìxíngchē,Bicycle
自由,zìyóu,free
字典,zì diǎn,dictionary
走过,zǒu guò,walk through; pass by
走进,zǒu jìn,walk in
走开,zǒu kāi,go away
租,zū,rent
组,zǔ,group
组成,zǔchéng,Form
组长,zǔ zhǎng,group leader
嘴,zuǐ,mouth
最近,zuìjìn,Lately
作家,zuòjiā,writer
作文,zuòwén,composition
作业,zuòyè,"task,
homework"
作用,zuòyòng,Effect
座,zuò,Seat
座位,zuòwèi,seat
做到,zuò dào,accomplish; achieve
做法,zuò fǎ,practice; behavior; way of doing a thing
爱心,àixīn,love
安排,ānpái,arrange
安装,ānzhuāng,install
按,àn,press; push; check; restrain
按照,ànzhào,according to
把（介）,bǎ,(particle marking the following noun as a direct object)
把（量）,bǎ,(measure word)
把握,bǎwò,grasp
白（副）,bái,without results; in vain; waste efforts
白菜,bái cài,Chinese cabbage
班级,bān jí,class
搬,bān,turn; move
搬家,bān jiā,move; move house
板,bǎn,board; plank; shutter
办理,bànlǐ,handle
保,bǎo,defend; protect; keep; guarantee; ensure
保安,bǎo ān,security guard; public security; ensure safety
保持,bǎochí,keep
保存,bǎocún,Preservation
保护,bǎohù,protect
保留,bǎoliú,Retain
保险,bǎoxiǎn,Insurance
保证,bǎozhèng,ensure
报（名）,bào,newspaper; periodical; journal; report; telegram
报到,bàodào,"register,check in"
报道,bàodào,report
报告,bàogào,Presentation
背,bèi,Back
北部,běi bù,north
背（名）,bèi,back of the body; back side of an object
背后,bèi hòu,behind; at the back; in the rear
被,bèi,cover
被子,bèizi,quilt
本来,běnlái,originally
本领,běnlǐng,ability
本事,běnshi,Skill
比较,bǐjiào,compare
比例,bǐlì,Proportion
比赛,bǐsài,Match
必然,bìrán,Inevitable
必要,bìyào,necessary
变化,biànhuà,change
变为,biàn wéi,become; turn into; change into
标题,biāotí,title; heading
标准,biāozhǔn,standard
表达,biǎodá,Expression
表格,biǎogé,form
表面,biǎomiàn,surface
表明,biǎomíng,Indicate
表现,biǎoxiàn,performance
表演,biǎoyǎn,perform
并（副、连）,bìng,and; also; equally; simultaneously; side by side
并且,bìngqiě,also
播出,bō chū,broadcast; on the air
播放,bōfàng,play
不必,bú bì,need not; not have to
不断,búduàn,Constantly
不论,bú lùn,whether; no matter; whether … or
补,bǔ,repair; mend; patch; supply; make up for
补充,bǔchōng,supplement
不安,bù’ān,Uneasy
不得不,bùdébù,Cannot but
不光,bù guāng,not only
不仅,bùjǐn,not only
布,bù,cloth
步,bù,step; stage; walk; foot
部,bù,unit; ministry; department;  part; section
部门,bùmén,department
部长,bù zhǎng,minister; head of a department
才能,cái néng,talent; ability; gift
采取,cǎiqǔ,"take, adpopt"
采用,cǎi yòng,put to use; adopt; use; employ
彩色,cǎi sè,multicolour; colour
曾经,céngjīng,once
产生,chǎnshēng,produce
长城,Chángchéng,The Great Wall
长处,cháng chù,strength; forte; strong point
长期,cháng qī,over a long period of time; long-term
厂,chǎng,factory; mill; plant; works
场合,chǎnghé,occasion
场所,chǎngsuǒ,place
超级,chāojí,super
朝,cháo,towards
吵,chǎo,Noisy
吵架,chǎojià,quarrel
衬衫,chènshān,shirt
衬衣,chèn yī,shirt
称为,chēng wéi,call; be called; be known as
成功,chénggōng,Success
成果,chéngguǒ,Achievements
成就,chéngjiù,achievement
成立,chénglì,establish
成熟,chéngshú,mature
成员,chéngyuán,member
成长,chéngzhǎng,Grow up
城,chéng,city; town
城市,chéngshì,City
程度,chéngdù,degree
持续,chíxù,Continued
充满,chōngmǎn,full of 
重,zhòng,heavy
初,chū,beginning; start; basis; at the beginning of
初（初一）,chū （chū yī）,prefix (first grade of junior high school )
初步,chūbù,preliminary
初级,chūjí,primary
初中,chū zhōng,junior high school
除了,chúle,except
处理,chǔlǐ,Handle
传,chuán,pass; pass on; hand down; impart; spread; transmit
传播,chuánbō,spread
传来,chuán lái,came; come through
传说,chuánshuō,Legend
创新,chuàngxīn,innovate
创业,chuàngyè,carve out
创造,chuàngzào,create
创作,chuàngzuò,A literary creation
从来,cónglái,Always
从前,cóngqián,before
从事,cóngshì,Be engaged in
村,cūn,village; hamlet
存,cún,Deposit
存在,cúnzài,existence
错误,cuòwù,error
达到,dádào,Achieve
打破,dǎ pò,break; smash
打听,dǎting,Inquire
大概,dàgài,Probably
大使馆,dàshǐguǎn,Embassy
大约,dàyuē,about
大夫,dàifu,Doctor
代,dài,substitute; replace; take the place of
代表,dàibiǎo,representative
代表团,dài biǎo tuán,delegation; mission; deputation
带动,dài dòng,drive; spur
带领,dàilǐng,lead
单元,dānyuán,unit
当初,dāngchū,Original
当地,dāngdì,Local
当然,dāngrán,Of course
当中,dāng zhōng,among; in the middle; in the centre
刀,dāo,knife
导演,dǎoyǎn,director
到达,dàodá,Arrive
到底,dàodǐ,To the end
得分,dé fēn,score
等待,děngdài,wait for
底下,dǐ xià,under; below; beneath
地区,dìqū,region
电视剧,diàn shì jù,TV series; television drama
电视台,diàn shì tái,TV station
电台,diàntái,radio station
电子邮件,diànzǐyóujiàn,E-mail
调,diào,transfer; shift; move
调查,diàochá,investigation
订,dìng,conclude; draw up; order; revise
定期,dìngqī,regular
东部,dōng bù,east
动力,dònglì,"power, motivation"
动人,dòng rén,moving; touching
读者,dú zhě,reader
短处,duǎn chù,shortcoming; demerit
短裤,duǎn kù,shorts
短期,duǎn qī,short term
断,duàn,break
队员,duì yuán,team member
对待,duìdài,treat
对方,duìfāng,Other party
对手,duìshǒu,Opponent
对象,duìxiàng,object
顿,dùn,Meal
发表,fābiǎo,Publish
发出,fā chū,issue; send out; give off; emit
发达,fādá,developed
发动,fādòng,Launch
发明,fāmíng,Invention
发生,fāshēng,Happen
发送,fā sòng,send; transmit; dispatch; ship; forward
发言,fāyán,speak
发展,fāzhǎn,Development
反对,fǎnduì,Opposition
反复,fǎnfù,Repeatedly
反应,fǎnyìng,reaction
反正,fǎnzhèng,anyway
范围,fànwéi,Range
方式,fāngshì,mode
防,fáng,guard against; defend
防止,fángzhǐ,Prevent
房东,fángdōng,landlord
房屋,fáng wū,houses; buildings; tenement
房租,fáng zū,rent
访问,fǎngwèn,Visit
放到,fàng dào,put to; put into
飞行,fēi xíng,flight; flying
费,fèi,fee; cost
费用,fèi yòng,cost; expenses; outlay
分别,fēnbié,part
分配,fēnpèi,distribution
分组,fēn zǔ,grouping
丰富,fēngfù,rich
风险,fēngxiǎn,risk
否定,fǒudìng,negative
否认,fǒurèn,deny
服装,fúzhuāng,costume; dress
福,fú,blessing; good fortune
父母,fù mǔ,father and mother; parents
父亲,fùqīn,father
付,fù,pay; commit; hand over
负责,fùzé,Be responsible for
复印,fùyìn,To copy
复杂,fùzá,complex
富,fù,rich
改进,gǎijìn,Improvement
改造,gǎi zào,transform; reform
概念,gàiniàn,concept
赶,gǎn,catch up with
赶到,gǎn dào,arrived; get to
赶紧,gǎnjǐn,Quickly
赶快,gǎnkuài,Come on
敢,gǎn,dare
感冒,gǎnmào,Cold
感情,gǎnqíng,feeling
感受,gǎnshòu,feel
干吗,gàn má,Why
高速,gāo sù,high speed
高速公路,gāosùgōnglù,Expressway
告别,gàobié,farewell
歌迷,gē mí,fan
歌声,gē shēng,singing
歌手,gē shǒu,singer; vocalist
个人,gèrén,personal
个性,gèxìng,personality
各,gè,various
各地,gè dì,various regions; everywhere
各位,gè wèi,everybody
各种,gè zhǒng,all kinds; various; every kind
各自,gèzì,Each
根本,gēnběn,at all
更加,gèng jiā,more; even more
工厂,gōngchǎng,factory
工程师,gōngchéngshī,Engineer
工夫,gōng fu,time
工具,gōngjù,tool
工业,gōngyè,Industry
工资,gōngzī,wages
公布,gōngbù,Publish
公共,gōng gòng,public; common; community
公开,gōngkāi,open
公民,gōngmín,citizen
公务员,gōng wù yuán,civil servant; public functionary
功夫,gōngfu,Kungfu
功课,gōng kè,homework; schoolwork; classwork
功能,gōngnéng,function
共同,gòngtóng,common
共有,gòng yǒu,have altogether; share; owned by all
姑娘,gūniang,girl
古,gǔ,ancient; old
古代,gǔdài,Ancient
故乡,gùxiāng,Hometown
挂,guà,hang
关系,guānxì,relationship
关注,guān zhù,attention; follow with interest; pay close attention; show solicitude for
观察,guānchá,observation
观看,guān kàn,watch; view
观念,guānniàn,concept
观众,guānzhòng,Audience
管,guǎn,control; be in charge of; manage; run
管理,guǎnlǐ,Administration
光,guāng,light
光明,guāngmíng,light
广播,guǎngbō,Radio broadcast
广大,guǎngdà,Vast
规定,guīdìng,Regulations
规范,guīfàn,criterion; rule
国内,guó nèi,domestic; internal
国庆,guó qìng,National Day
果然,guǒrán,Sure enough
果汁,guǒzhī,fruit juice
过程,guòchéng,process
过去（名）,guò qù,past; old; foretime
哈哈,hā hā,ha-ha
海关,hǎiguān,Customs
害怕,hàipà,Fear
行,háng,row，line
好好,hǎo hǎo,"really good, really nice"
好奇,hàoqí,Be curious
合,hé,close; shut; be equal to; add up to; join
合法,héfǎ,legitimate
合格,hégé,qualified
合理,hélǐ,reasonable
合作,hézuò,cooperation
和平,hépíng,peace
红茶,hóng chá,black tea
红酒,hóng jiǔ,red wine
后果,hòuguǒ,Consequence
后面,hòumiàn,behind
后年,hòu nián,the year after next
互联网,hùliánwǎng,Internet
互相,hùxiāng,each other
划船,huá chuán,row; paddle a boat; go boating
华人,huá rén,Chinese; ethnic Chinese
化（现代化）,huà （xiàn dài huà）,suffix (modernize; modernization)
话剧,huà jù,drama
话题,huàtí,Topic of conversation
欢乐,huānlè,Happy
环,huán,ring; loop; link; annulus
环保,huán bǎo,environmental protection
环境,huánjìng,Environment
会议,huìyì,Meeting
会员,huì yuán,membership
活,huó,live; save; work; living; alive
火（名）,huǒ,fire; anger; temper
机器,jīqì,machine
积极,jījí,positive
基本,jīběn,basic
基本上,jī běn shàng,basically
基础,jīchǔ,Basics
及时,jíshí,timely
…极了,… jí le,extremely; exceedingly
集体,jítǐ,collective
集中,jízhōng,focus
计算,jìsuàn,Calculation
记录,jìlù,Record
记者,jìzhě,Reporter
纪录,jìlù,Record
纪念,jìniàn,Anniversary
技术,jìshù,technology
继续,jìxù,Continue
加工,jiāgōng,machining
加快,jiā kuài,speed up; accelerate
加强,jiā qiáng,strengthen; reinforce
家具,jiājù,furniture
家属,jiāshǔ,family members
家乡,jiāxiāng,Hometown
价格,jiàgé,Price
价钱,jià qián,price
价值,jiàzhí,value
架,jià,frame; rack; shelf; stand
坚持,jiānchí,Insist
坚决,jiānjué,firm
坚强,jiānqiáng,Firm
简单,jiǎndān,simple
简直,jiǎnzhí,simply
建,jiàn,build; construct; erect; establish; set up; found
建成,jiàn chéng,built up
建立,jiànlì,establish
建设,jiànshè,build
建议,jiànyì,proposal
将近,jiāngjìn,nearly
将来,jiānglái,future
交费,jiāo fèi,pay
交警,jiāo jǐng,traffic police
交流,jiāoliú,Communication
交往,jiāowǎng,affiliate with
交易,jiāoyì,transaction
叫（介）,jiào,(preposition)
较,jiào,compare; comparatively; relatively; fairly; quite; rather
教材,jiàocái,teaching material
教练,jiàoliàn,coach
结实,jiēshi,strong
接待,jiēdài,Reception
接近,jiējìn,near
节约,jiéyuē,save
结合,jiéhé,Combination
结婚,jiéhūn,marry
结束,jiéshù,End
解决,jiějué,Solve
解开,jiě kāi,undo; untie; unfasten; unbutton
金,jīn,gold
金牌,jīn pái,gold medal
仅,jǐn,only; merely; barely
仅仅,jǐn jǐn,only; merely; barely
尽量,jǐnliàng,as far as possible
紧,jǐn,tight; close; urgent; strict
紧急,jǐnjí,urgent
紧张,jǐnzhāng,Nervous
进步,jìnbù,progress
进一步,jìn yí bù,go a step further; further
进展,jìnzhǎn,evolve; get along
近期,jìn qī,recent
京剧,jīngjù,Beijing opera
经济,jīngjì,Economics
经历,jīnglì,experience
经验,jīngyàn,experience
经营,jīngyíng,Management
精彩,jīngcǎi,Marvellous
精神,jīngshén,"spirit, mind"
精神,jīngshen,"lively, vigour"
景色,jǐngsè,scenery
警察,jǐngchá,Police
静,jìng,silent; quiet; calm
久,jiǔ,long
旧,jiù,used
救,jiù,save
就是,jiù shì,precisely; exactly; just like
就业,jiùyè,take up an occupation
举办,jǔbàn,hold
具体,jùtǐ,specific
具有,jù yǒu,possess; have; be provided with
剧场,jù chǎng,theater
据说,jùshuō,allegedly
决定,juédìng,Decision
决赛,juésài,Finals
决心,juéxīn,Determination
绝对,juéduì,Absolutely
咖啡,kāfēi,Coffee
开发,kāifā,Development
开放,kāifàng,To open up
开始,kāishǐ,start
开业,kāi yè,start business; open a private practice
开展,kāizhǎn,Develop
看起来,kàn qǐ lái,look like
看上去,kàn shàng qù,seem
考验,kǎoyàn,test
科技,kē jì,science and technology
可靠,kěkào,reliable
可乐,kě lè,coke; cola
克服,kèfú,Overcome
客观,kèguān,objective
课程,kèchéng,curriculum
空,kōng,empty
空调,kōngtiáo,Air conditioner
恐怕,kǒngpà,I’m afraid
空儿,kòngr,free time
裤子,kùzi,trousers
快速,kuài sù,fast; high-speed
困,kùn,sleepy
困难,kùnnán,difficulty
浪费,làngfèi,Waste
老百姓,lǎobǎixìng,Ordinary people
老板,lǎobǎn,Boss
老太太,lǎo tài tai,old lady
老头儿,lǎo tóur,old man
乐,lè,happy; laugh; cheerful
乐观,lèguān,optimistic
类,lèi,class; category; kind; type
类似,lèisì,Similar
离婚,líhūn,divorce
里面,lǐ miàn,inside; interior
理发,lǐfà,Haircut
理解,lǐjiě,Understand
理论,lǐlùn,theory
理由,lǐyóu,Reason
力,lì,power; force
力量,lìliàng,Power
立刻,lìkè,immediately
利用,lìyòng,utilize
连,lián,even
连忙,liánmáng,Hurriedly
连续,liánxù,serial 
连续剧,lián xù jù,series; soap opera
联合,liánhé,union
联合国,lián hé guó,United Nations
联系,liánxì,contact
凉水,liáng shuǐ,cold water; unboiled water
了,le,past tense marker
领,lǐng,lead; receive; get; understand
领导,lǐngdǎo,Leader
领先,lǐngxiān,keep ahead
另外,lìngwài,in addition
另一方面,lìng yì fāng miàn,on the other hand
留学,liúxué,Overseas Study
龙,lóng,dragon
录,lù,record; write down; copy
录音,lùyīn,Sound recording
路线,lù xiàn,path; route; way; line
旅馆,lǚ guǎn,hotel
旅行社,lǚ xíng shè,travel agency
绿茶,lǜ chá,green tea
乱,luàn,chaos
落后,luòhòu,backward
麻烦,máfan,trouble
马,mǎ,Horse
满足,mǎnzú,satisfy
慢慢,màn màn,slowly
毛（名）,máo,a fractional unit of money in China; hair; fur
毛病,máobìng,Trouble
没用,méi yòng,useless
媒体,méitǐ,media
每,měi,each
美,měi,beautiful; pretty
美好,měi hǎo,fine; happy; glorious
美丽,měilì,beautiful
美食,měi shí,delicious food ; gourmet
美术,měishù,Fine Arts
美元,měi yuán,U.S. dollar
迷,mí,fan; confused; be crazy about
米（名）,mǐ,meter; rice
面对,miànduì,Face
面积,miànjī,The measure of area
民间,mínjiān,nongovernmental
民族,mínzú,Nation
明确,míngquè,To make clear
明显,míngxiǎn,obvious
命运,mìngyùn,fate
某,mǒu,some
母亲,mǔqīn,mother
木头,mùtou,wood
目标,mùbiāo,target
目前,mùqián,at present
奶茶,nǎi chá,milk tea
男子,nán zǐ,man; male
南部,nán bù,south
难道,nándào,could it be said that …
难度,nán dù,difficulty
内,nèi,within
内容,nèiróng,content
内心,nèi xīn,heart; inner centre
能不能,néng bù néng,can or not
能力,nénglì,ability
年初,nián chū,beginning of the year
年代,niándài,years
年底,nián dǐ,end of the year
年纪,niánjì,Age
念,niàn,Read
牛（名）,niú,cattle; ox; cow
农村,nóngcūn,countryside
农民,nóngmín,farmer
农业,nóngyè,Agriculture
女子,nǚ zǐ,woman; female
暖和,nuǎnhuo,warm
怕（副）,pà,perhaps; afraid
拍,pāi,beat
排（动）,pái,arrange; put in order; exclude; rehearse
排名,pái míng,rank
牌子,pái zi,brand; trademark; plate; sign
派,pài,send
判断,pànduàn,judge
胖,pàng,fat
跑步,pǎobù,Run
配,pèi,match; mix; join; fit
配合,pèihé,Coordination
批评,pīpíng,criticism
批准,pīzhǔn,Approval
皮,pí,skin; leather; fur; cover; sheet
皮包,pí bāo,purse; briefcase; portfolio
啤酒,píjiǔ,Beer
票价,piào jià,ticket price; fare
评价,píngjià,evaluation
苹果,píngguǒ,Apple
破,pò,broken
破坏,pòhuài,Destruction
普遍,pǔbiàn,universal
普及,pǔjí,Universal
期,qī,period; time; term; expect
齐,qí,together; uniform; neat; be level with
其次,qícì,Secondly
其实,qíshí,actually
奇怪,qíguài,strange
气候,qìhòu,climate
千万,qiānwàn,Must
前后,qián hòu,front and back; from start to finish; around
前进,qián jìn,advance; go forward; march
前面,qiánmiàn,Front
前往,qián wǎng,go to; leave for; proceed
强,qiáng,strong; powerful; better
强大,qiáng dà,powerful; formidable; strong
强调,qiángdiào,Emphasize
强烈,qiángliè,strong
桥,qiáo,Bridge
巧,qiǎo,opportunely; skilful; deceitful
亲,qīn,dear; close; intimate; relative
亲切,qīnqiè,kind
亲人,qīn rén,relative
亲自,qīnzì,personally
情感,qíng gǎn,feeling; emotion
情况,qíngkuàng,Situation
请教,qǐngjiào,Consult
庆祝,qìngzhù,Celebrate
球迷,qiúmí,fans (ball game)
区,qū,area; district; region
区别,qūbié,Difference
取消,qǔxiāo,cancel
去世,qùshì,Death
全场,quán chǎng,the whole audience
全面,quánmiàn,comprehensive
全球,quán qiú,global; the whole world
缺,quē,be short of; lack
缺点,quēdiǎn,shortcoming
缺少,quēshǎo,Lack
确保,quèbǎo,ensure
确定,quèdìng,Determine
确实,quèshí,Exactly
裙子,qúnzi,skirt
群,qún,group
热爱,rè’ài,Ardently love
热烈,rèliè,warm
人才,réncái,talented person
人工,réngōng,artificial
人类,rénlèi,Human beings
人民,rén mín,people
人民币,rénmínbì,RMB
人群,rén qún,crowd; throng
人生,rénshēng,Life
人员,rényuán,personnel
认出,rèn chū,recognize; identify; make out
认得,rèn dé,know; recognize
认可,rènkě,certificate; ratify
任（动）,rèn,appoint; assign
任（连）,rèn,"no matter (how, what, etc.)"
任何,rènhé,"whatever, any"
任务,rènwu,task
仍,réng,still; remain; yet
仍然,réngrán,still
日常,rìcháng,daily
容易,róngyì,easily
如何,rúhé,How
散步,sànbù,Take a walk
沙发,shāfā,Sofa
沙子,shā zi,sand; grit
伤,shāng,hurt; be harmful; be distressed; get sick of
伤心,shāngxīn,Sad
商品,shāngpǐn,commodity
商业,shāngyè,business
上来,shàng lái,come up
上面,shàng miàn,above; on top of
上去,shàng qù,go up
上升,shàng shēng,rise; go up
上衣,shàng yī,upper outer garment; jacket; coat
设备,shèbèi,equipment
设计,shèjì,Design
设立,shèlì,Establish
社会,shèhuì,Socioty
身份证,shēn fèn zhèng,ID card
深,shēn,deep
深刻,shēnkè,profound
深入,shēn rù,go deep into; thorough
升,shēng,rise
生（形）,shēng,unripe; green; living; raw; unfamiliar
生产,shēngchǎn,production
生存,shēngcún,Existence
生动,shēngdòng,vivid
生命,shēngmìng,life
生意,shēngyi,business
生长,shēngzhǎng,grow
声明,shēngmíng,statement
胜,shèng,win; defeat; beat; can bear; be superior
胜利,shènglì,victory
失去,shīqù,Lose
石头,shítou,stone
石油,shíyóu,petroleum
时,shí,time; times; hour; season; tense
时代,shídài,times
时刻,shíkè,time
实际上,shí jì shàng,actually
实力,shílì,Strength
实行,shíxíng,Implement
实验,shíyàn,Experiment
实验室,shí yàn shì,laboratory
食品,shí pǐn,food; foodstuff
使,shǐ,make
始终,shǐzhōng,Throughout
世纪,shìjì,century
世界,shìjiè,world
世界杯,shì jiè bēi,World Cup
市场,shìchǎng,market
事故,shìgù,Accident
事件,shìjiàn,Event
事实,shìshí,Fact
事实上,shì shí shàng,in fact; actually
事业,shìyè,career
试题,shì tí,test questions
试验,shìyàn,test
适合,shìhé,Fit
适应,shìyìng,Adapt
适用,shì yòng,be applicable; be suitable
室,shì,room
收费,shōu fèi,collect fees; charge
收看,shōu kàn,watch
收听,shōu tīng,listen to; listen in
收音机,shōuyīnjī,radio
手续,shǒuxù,procedures
手指,shǒuzhǐ,finger
首都,shǒudū,capital
首先,shǒuxiān,First
受,shòu,be subjecte; suffer; receive; accept; stand
受伤,shòushāng,Injured
书架,shūjià,bookshelf
输,shū,lose
输入,shūrù,import; input
熟人,shú rén,acquaintance
属,shǔ,be born in the year of (one of the twelve animals); belong
属于,shǔyú,belong to
束,shù,beam
数量,shùliàng,quantity
双,shuāng,double
双方,shuāngfāng,both sides
思想,sīxiǎng,thought
死,sǐ,die
速度,sùdù,speed
随,suí,follow; comply with; adapt
所（名、量）,suǒ,place; office; spot; (measure word)
所长,suǒ zhǎng,superintendent
台,tái,platform
谈,tán,talk
谈话,tán huà,conversation; talk; chat
谈判,tánpàn,negotiation
汤,tāng,soup
糖,táng,sugar
特色,tèsè,characteristic
提前,tíqián,Advance
提问,tíwèn,Put questions to
题目,tímù,subject
体会,tǐhuì,Experience
体现,tǐxiàn,Reflect
体验,tǐyàn,experience; taste
天空,tiānkōng,sky
甜,tián,sweet
调,tiáo,suit well; mix; adjust; fit in perfectly
调整,tiáozhěng,adjustment
跳,tiào,jump; leap; skip; bounce
跳高,tiào gāo,high jump
跳舞,tiàowǔ,dance
跳远,tiào yuǎn,long jump; broad jump
铁,tiě,iron
铁路,tiě lù,railway; railroad
听力,tīng lì,hearing; aural comprehension
听众,tīng zhòng,audience; listeners
停止,tíng zhǐ,stop; cease; suspend; call off; halt
通常,tōngcháng,usually
通信,tōng xìn,communicate; correspond
同意,tóngyì,Agree
痛（形）,tòng,sore; painful; sad
痛苦,tòngkǔ,Pain
头（形）,tóu,lead; head
头脑,tóu nǎo,mind; brain
突出,tūchū,prominent
突然,tūrán,suddenly
图,tú,picture; chart; drawing; scheme; intention
图画,tú huà,drawing; picture; painting
土（名）,tǔ,soil; earth; land; ground
团,tuán,group
团结,tuánjié,Unite
团体,tuántǐ,group
推动,tuī dòng,promote; push forward; give impetus to
推广,tuīguǎng,Extension
推进,tuī jìn,advance; carry forward; push on; give impetus to
推开,tuī kāi,push away
退,tuì,retreat
退出,tuì chū,drop out; quit; withdraw
退休,tuìxiū,retire
外交,wàijiāo,diplomacy
外面,wài miàn,outside; outdoors; outward appearance
外文,wài wén,foreign language
完美,wánměi,perfect
完善,wánshàn,"perfect, consummate"
完整,wánzhěng,complete
玩具,wánjù,Toys
往往,wǎngwǎng,Often
危害,wēihài,Harm
危险,wēixiǎn,danger
为（动）,wéi,act as; become; be; mean
为（介）,wèi,(preposition)
围,wéi,enclose; surround; circle
伟大,wěidà,great
卫生,wèi shēng,hygiene; health; sanitation
卫生间,wèishēngjiān,toilet
为了,wèile,in order to
温暖,wēnnuǎn,warm
文化,wénhuà,Culture
文件,wénjiàn,file
文明,wénmíng,civilization
文学,wénxué,literature
文章,wénzhāng,Article
文字,wénzì,"writing, character"
握手,wòshǒu,Handshake
屋子,wūzi,House
武器,wǔqì,arms
武术,wǔshù,A martial art
舞台,wǔ tái,stage; arena
西部,xī bù,west
希望,xīwàng,hope
系,xì,department
下来,xià lái,come down; get down
下面,xià miàn,below; under; next
下去,xià qù,go down; descend; go on; continue
先进,xiānjìn,advanced
显得,xiǎnde,Appear
显然,xiǎnrán,Obviously
显示,xiǎnshì,display
现场,xiànchǎng,scene
现代,xiàndài,modern
现金,xiànjīn,cash
现实,xiànshí,reality
现象,xiànxiàng,phenomenon
线,xiàn,thread; string; wire; line; route
相比,xiāng bǐ,compare; compare to
相当,xiāngdāng,Quite
相关,xiāngguān,correlate
相互,xiāng hù,mutual; reciprocal; each other
相似,xiāngsì,Be similar
香,xiāng,fragrant
香蕉,xiāngjiāo,Banana
消费,xiāofèi,consumption
消失,xiāoshī,disappear
消息,xiāoxi,message
效果,xiàoguǒ,Effect
写作,xiězuò,writing
血,xuè,blood
心,xīn,heart; feeling; centre; core
信（动）,xìn,believe; trust
信封,xìnfēng,envelope
信任,xìnrèn,trust
行李,xíng lǐ,luggage; baggage
形成,xíngchéng,formation
形式,xíngshì,form
形象,xíngxiàng,image
形状,xíngzhuàng,shape
幸福,xìngfú,happiness
幸运,xìngyùn,Lucky 
性（积极性）,xìng （jī jí xìng）,as a suffix (positivity)
性别,xìngbié,Gender
性格,xìnggé,character
修,xiū,repair; build; embellish; study
修改,xiūgǎi,modify
需求,xūqiú,demand
需要,xūyào,Need
宣布,xuānbù,Announce
宣传,xuānchuán,Propaganda
选手,xuǎnshǒu,Player
学费,xué fèi,tuition fee; tuition; school fee
训练,xùnliàn,train
压,yā,press; push; keep under control; bear down
压力,yālì,pressure
烟,yān,smoke; tobacco; be irritated by smoke
眼前,yǎn qián,now; at the moment; before one’s eyes
演,yǎn,play; act; perform
演唱,yǎn chàng,sing
演唱会,yǎn chàng huì,concert
演出,yǎnchū,show
演员,yǎnyuán,"performer, actor"
羊,yáng,sheep
阳光,yángguāng,Sunshine
要是,yàoshi,If
衣架,yī jià,hanger; clothes stand; clothes tree
一切,yíqiè,everything
已,yǐ,already; afterwards
以来,yǐlái,Since
一方面,yì fāng miàn,on the one hand
艺术,yìshù,Art
意外,yìwài,Accident
意义,yìyì,Significance
因此,yīncǐ,therefore
银,yín,silver
银牌,yín pái,silver medal
印象,yìnxiàng,impression
应当,yīng dāng,should; ought to
迎接,yíngjiē,"meet, pick, welcome"
营养,yíngyǎng,Nutrition
赢,yíng,win
影视,yǐng shì,film and television
应用,yìngyòng,application
优点,yōudiǎn,Advantage
优势,yōushì,advantage
由,yóu,from
由于,yóuyú,Because
邮件,yóu jiàn,mail; post; postal matter
邮票,yóu piào,postage stamp; stamp
邮箱,yóu xiāng,postbox; mailbox
游,yóu,swim; wander; travel; tour
游戏,yóuxì,Game
游泳,yóuyǒng,Swimming
有的是,yǒu de shì,have plenty of; there’s no lack of
有利,yǒulì,favourable; beneficial
有效,yǒu xiào,effective; valid
预报,yùbào,prediction
预防,yùfáng,Prevention
预计,yù jì,expected; estimate
预习,yùxí,Preview
员（服务员）,yuán （fú wù yuán）,a person engaged in some field of activity (waiter; waitress; server)
员工,yuángōng,employee
愿望,yuànwàng,desire
约,yuē,appointment; agreement; arrange; restrict
乐队,yuè duì,orchestra; band
运输,yùnshū,transport
杂志,zázhì,Magazine
早已,zǎo yǐ,long ago; for a long time
造,zào,make; build; create; produce
造成,zàochéng,cause
责任,zérèn,responsibility
增加,zēngjiā,increase
增长,zēng zhǎng,increase; grow
展开,zhǎnkāi,Open
张,zhāng,Zhang
照,zhào,reflect
者（志愿者）,zhě （zhì yuàn zhě）,suffix (volunteer)
真实,zhēnshí,real
争,zhēng,contend; dispute; fight; strive; vie
争取,zhēngqǔ,strive for
整,zhěng,whole; all; entire; complete
整个,zhěnggè,Whole
整理,zhěnglǐ,Arrangement
整齐,zhěngqí,neat
整体,zhěngtǐ,Whole
整天,zhěng tiān,all day long
整整,zhěng zhěng,whole; full
正（形）,zhèng,straight; upright; positive; correct; main
正式,zhèngshì,formal
证,zhèng,certificate; proof
证件,zhèngjiàn,Certificates
证据,zhèngjù,evidence
证明,zhèngmíng,Prove
支（量）,zhī,(measure word)
支持,zhīchí,Support
支付,zhī fù,pay money; defray
只,zhī,single; lonely
直,zhí,straight
直播,zhíbō,on live
直到,zhí dào,until
值,zhí,value; be worth
值得,zhíde,Worth
职工,zhí gōng,staff; worker
职业,zhíyè,Occupation
只好,zhǐhǎo,have to
只是,zhǐ shì,merely; only; just
只有,zhǐ yǒu,only
指,zhǐ,finger
指出,zhǐ chū,point out; indicate
指导,zhǐdǎo,guidance
至今,zhìjīn,so far
至少,zhìshǎo,at least
志愿,zhì yuàn,volunteer; aspiration; wish
志愿者,zhìyuànzhě,Volunteer
制定,zhìdìng,Formulate
制度,zhìdù,system
制造,zhìzào,Manufacture
制作,zhìzuò,Make
中部,zhōng bù,central section; middle part
中华民族,zhōng huá mín zú,Chinese nation
终于,zhōngyú,finally
钟,zhōng,bell; clock; call bell; time
种,zhǒng,species
种子,zhǒngzi,seed
重大,zhòngdà,significant
周围,zhōuwéi,around
猪,zhū,pig
主持,zhǔchí,Host
主动,zhǔdòng,active
主任,zhǔrèn,Headmaster
主意,zhǔyi,idea
主张,zhǔzhāng,opinion
注意,zhùyì,Be careful
祝,zhù,express good wishes; wish
抓,zhuā,grab
抓住,zhuā zhù,catch; catch hold of; grip; capture
专家,zhuānjiā,expert
专门,zhuānmén,specialized
专题,zhuāntí,special collection
专业,zhuānyè,major
转,zhuàn,turn
转变,zhuǎnbiàn,change
状况,zhuàngkuàng,status
状态,zhuàngtài,state
追,zhuī,run after
准,zhǔn,follow; permit; allow; standard
资格,zīgé,Qualifications
资金,zījīn,capital
子女,zǐ nǚ,child; sons and daughters
自从,zìcóng,Since
自动,zìdòng,automatic
自觉,zìjué,Conscious
自然,zìrán,natural
自身,zì shēn,oneself; self
自主,zìzhǔ,Autonomy
总,zǒng,always; consistently
总结,zǒngjié,summary
总是,zǒngshì,always
足够,zú gòu,enough; ample; sufficient
足球,zú qiú,soccer; football
组合,zǔhé,combination
左右,zuǒyòu,About
作品,zuòpǐn,works
作者,zuòzhě,author
